CapturedAt,Time,Symbol,Expiry,Underlying,VIX,Strike,CE_LTP,CE_OI,CE_OI_Chg,CE_Vol,PE_LTP,PE_OI,PE_OI_Chg,PE_Vol
09:20,09:18,NIFTY,07-Jul-2026,24456.60,11.8100,23950,508.1,4206,-38,325,1.3,81169,9825,166800
09:20,09:18,NIFTY,07-Jul-2026,24456.60,11.8100,24000,452.25,55998,-287,2842,1.4,261782,12250,265218
09:20,09:18,NIFTY,07-Jul-2026,24456.60,11.8100,24050,407,13076,-169,640,1.6,88258,2505,133204
09:20,09:18,NIFTY,07-Jul-2026,24456.60,11.8100,24100,353,18930,-293,3532,1.9,164520,2191,263293
09:20,09:18,NIFTY,07-Jul-2026,24456.60,11.8100,24150,303.6,9084,-45,2245,2.2,97596,1191,209670
09:20,09:18,NIFTY,07-Jul-2026,24456.60,11.8100,24200,255,27351,-255,16831,3.05,169367,17519,321613
09:20,09:18,NIFTY,07-Jul-2026,24456.60,11.8100,24250,206.25,10099,561,13488,4.55,117661,23939,302996
09:20,09:18,NIFTY,07-Jul-2026,24456.60,11.8100,24300,161.75,53997,8050,81836,7.6,269375,56673,405096
09:20,09:18,NIFTY,07-Jul-2026,24456.60,11.8100,24350,116.6,57411,6032,104068,13.75,228249,64031,355062
09:20,09:18,NIFTY,07-Jul-2026,24456.60,11.8100,24400,78.6,190658,28665,339312,24.85,333502,121195,532455
09:20,09:18,NIFTY,07-Jul-2026,24456.60,11.8100,24450,46.7,223990,94456,564925,44.55,204625,129008,440636
09:20,09:18,NIFTY,07-Jul-2026,24456.60,11.8100,24500,25.55,342968,138721,674846,73.8,129953,77831,237011
09:20,09:18,NIFTY,07-Jul-2026,24456.60,11.8100,24550,12.35,151418,65425,335555,110.8,16795,10356,47174
09:20,09:18,NIFTY,07-Jul-2026,24456.60,11.8100,24600,5.65,242299,80290,369111,154.4,23115,11006,37752
09:20,09:18,NIFTY,07-Jul-2026,24456.60,11.8100,24650,2.6,156201,39176,321588,200,3148,1555,6721
09:20,09:18,NIFTY,07-Jul-2026,24456.60,11.8100,24700,1.6,162366,11738,256479,249.9,4436,1901,6266
09:20,09:18,NIFTY,07-Jul-2026,24456.60,11.8100,24750,1.1,59399,4345,104765,299,868,196,695
09:20,09:18,NIFTY,07-Jul-2026,24456.60,11.8100,24800,0.9,122925,28873,204117,346.85,1970,297,1228
09:20,09:18,NIFTY,07-Jul-2026,24456.60,11.8100,24850,0.85,40154,4453,60505,396,378,38,107
09:20,09:18,NIFTY,07-Jul-2026,24456.60,11.8100,24900,0.75,65111,15713,100201,446,535,78,207
09:20,09:18,NIFTY,07-Jul-2026,24456.60,11.8100,24950,0.75,34514,10737,62868,491.2,160,36,58
09:25,09:23,NIFTY,07-Jul-2026,24453.85,11.8400,23950,494.85,4058,-186,561,1.15,82280,10936,255742
09:25,09:23,NIFTY,07-Jul-2026,24453.85,11.8400,24000,445.85,55728,-557,4490,1.3,256033,6501,434893
09:25,09:23,NIFTY,07-Jul-2026,24453.85,11.8400,24050,398.1,12971,-274,988,1.5,89374,3621,215604
09:25,09:23,NIFTY,07-Jul-2026,24453.85,11.8400,24100,348.05,18610,-613,5527,1.8,167961,5632,420064
09:25,09:23,NIFTY,07-Jul-2026,24453.85,11.8400,24150,295.1,8796,-333,4454,2.35,98438,2033,343940
09:25,09:23,NIFTY,07-Jul-2026,24453.85,11.8400,24200,248.65,26793,-813,26947,3.3,184896,33048,556253
09:25,09:23,NIFTY,07-Jul-2026,24453.85,11.8400,24250,202.15,10718,1180,24801,4.9,132346,38624,445902
09:25,09:23,NIFTY,07-Jul-2026,24453.85,11.8400,24300,155,58566,12619,149633,8.65,310211,97509,633665
09:25,09:23,NIFTY,07-Jul-2026,24453.85,11.8400,24350,111.75,64192,12813,190533,15.5,250790,86572,589614
09:25,09:23,NIFTY,07-Jul-2026,24453.85,11.8400,24400,74.85,219674,57681,622599,27.45,412905,200598,991151
09:25,09:23,NIFTY,07-Jul-2026,24453.85,11.8400,24450,44.75,281419,151885,1038289,47.1,300312,224695,884175
09:25,09:23,NIFTY,07-Jul-2026,24453.85,11.8400,24500,23.9,433531,229284,1280347,78.4,176199,124077,514954
09:25,09:23,NIFTY,07-Jul-2026,24453.85,11.8400,24550,11.35,193982,107989,618426,116.75,31860,25421,114567
09:25,09:23,NIFTY,07-Jul-2026,24453.85,11.8400,24600,5.4,277396,115387,609252,158.55,32805,20696,80092
09:25,09:23,NIFTY,07-Jul-2026,24453.85,11.8400,24650,2.45,175202,58177,499520,206.4,4460,2867,14375
09:25,09:23,NIFTY,07-Jul-2026,24453.85,11.8400,24700,1.5,165680,15052,458534,256.85,6876,4341,12439
09:25,09:23,NIFTY,07-Jul-2026,24453.85,11.8400,24750,1.1,68256,13202,186830,306.4,1108,436,1635
09:25,09:23,NIFTY,07-Jul-2026,24453.85,11.8400,24800,0.95,134110,40058,337924,353.6,2129,456,2551
09:25,09:23,NIFTY,07-Jul-2026,24453.85,11.8400,24850,0.85,44946,9245,116025,409.75,424,84,228
09:25,09:23,NIFTY,07-Jul-2026,24453.85,11.8400,24900,0.75,74489,25091,164326,452.4,880,423,698
09:25,09:23,NIFTY,07-Jul-2026,24453.85,11.8400,24950,0.7,38368,14591,97970,507,165,41,87
09:30,09:28,NIFTY,07-Jul-2026,24455.65,11.8100,23950,489.7,4040,-204,636,1.1,84231,12887,324582
09:30,09:28,NIFTY,07-Jul-2026,24455.65,11.8100,24000,437.8,55438,-847,6087,1.3,268264,18732,600754
09:30,09:28,NIFTY,07-Jul-2026,24455.65,11.8100,24050,389.9,12838,-407,1288,1.5,88891,3138,320508
09:30,09:28,NIFTY,07-Jul-2026,24455.65,11.8100,24100,339.45,18391,-832,7148,1.9,177770,15441,628597
09:30,09:28,NIFTY,07-Jul-2026,24455.65,11.8100,24150,290,8755,-374,5743,2.3,106816,10411,484276
09:30,09:28,NIFTY,07-Jul-2026,24455.65,11.8100,24200,241.1,27934,328,38921,3.45,193703,41855,747441
09:30,09:28,NIFTY,07-Jul-2026,24455.65,11.8100,24250,193.25,11828,2290,37536,5.35,140980,47258,630664
09:30,09:28,NIFTY,07-Jul-2026,24455.65,11.8100,24300,148,65933,19986,210475,9.45,318292,105590,942690
09:30,09:28,NIFTY,07-Jul-2026,24455.65,11.8100,24350,105.3,71988,20609,274671,16.9,266825,102607,941512
09:30,09:28,NIFTY,07-Jul-2026,24455.65,11.8100,24400,68.5,267390,105397,920653,30.8,407654,195347,1637335
09:30,09:28,NIFTY,07-Jul-2026,24455.65,11.8100,24450,40.1,364324,234790,1523328,52.45,266654,191037,1430823
09:30,09:28,NIFTY,07-Jul-2026,24455.65,11.8100,24500,21.55,510891,306644,1837738,83.7,155991,103869,825713
09:30,09:28,NIFTY,07-Jul-2026,24455.65,11.8100,24550,10.35,217013,131020,886083,123.05,28992,22553,186155
09:30,09:28,NIFTY,07-Jul-2026,24455.65,11.8100,24600,4.8,283243,121234,815768,167.6,29790,17681,144478
09:30,09:28,NIFTY,07-Jul-2026,24455.65,11.8100,24650,2.35,178023,60998,655937,215.7,4669,3076,22740
09:30,09:28,NIFTY,07-Jul-2026,24455.65,11.8100,24700,1.55,165149,14521,578276,263.95,6070,3535,18818
09:30,09:28,NIFTY,07-Jul-2026,24455.65,11.8100,24750,1.05,76819,21765,252535,314.3,1136,464,2592
09:30,09:28,NIFTY,07-Jul-2026,24455.65,11.8100,24800,0.9,140225,46173,392017,363.25,1954,281,3833
09:30,09:28,NIFTY,07-Jul-2026,24455.65,11.8100,24850,0.8,46273,10572,144414,412.2,440,100,342
09:30,09:28,NIFTY,07-Jul-2026,24455.65,11.8100,24900,0.75,78017,28619,228596,466.55,857,400,956
09:30,09:28,NIFTY,07-Jul-2026,24455.65,11.8100,24950,0.75,49380,25603,128675,518,174,50,121
09:35,09:33,NIFTY,07-Jul-2026,24436.30,11.8900,23950,474.45,4010,-234,711,1.15,87531,16187,369970
09:35,09:33,NIFTY,07-Jul-2026,24436.30,11.8900,24000,423.9,55196,-1089,8092,1.4,274861,25329,727713
09:35,09:33,NIFTY,07-Jul-2026,24436.30,11.8900,24050,378.9,12772,-473,1523,1.55,95219,9466,390774
09:35,09:33,NIFTY,07-Jul-2026,24436.30,11.8900,24100,325.6,18220,-1003,8554,2.05,193718,31389,749416
09:35,09:33,NIFTY,07-Jul-2026,24436.30,11.8900,24150,276.7,8795,-334,6983,2.6,108444,12039,579635
09:35,09:33,NIFTY,07-Jul-2026,24436.30,11.8900,24200,227.95,29369,1763,49791,3.95,202550,50702,902270
09:35,09:33,NIFTY,07-Jul-2026,24436.30,11.8900,24250,180.1,13241,3703,48652,6.25,145070,51348,774530
09:35,09:33,NIFTY,07-Jul-2026,24436.30,11.8900,24300,135.05,66211,20264,264144,11.25,342920,130218,1185569
09:35,09:33,NIFTY,07-Jul-2026,24436.30,11.8900,24350,93.7,79783,28404,355269,19.7,312707,148489,1235642
09:35,09:33,NIFTY,07-Jul-2026,24436.30,11.8900,24400,59.5,287544,125551,1190536,35.75,472075,259768,2168712
09:35,09:33,NIFTY,07-Jul-2026,24436.30,11.8900,24450,33.4,393012,263478,1935842,59.75,305602,229985,1845937
09:35,09:33,NIFTY,07-Jul-2026,24436.30,11.8900,24500,17.45,554194,349947,2296495,94.15,173224,121102,1056608
09:35,09:33,NIFTY,07-Jul-2026,24436.30,11.8900,24550,8.25,227804,141811,1099686,135.15,36530,30091,247304
09:35,09:33,NIFTY,07-Jul-2026,24436.30,11.8900,24600,3.95,286067,124058,975021,180.75,32521,20412,186276
09:35,09:33,NIFTY,07-Jul-2026,24436.30,11.8900,24650,1.9,186106,69081,767538,229.7,6787,5194,30978
09:35,09:33,NIFTY,07-Jul-2026,24436.30,11.8900,24700,1.4,168587,17959,644860,278,5898,3363,23527
09:35,09:33,NIFTY,07-Jul-2026,24436.30,11.8900,24750,1,80034,24980,329899,325.6,1163,491,3280
09:35,09:33,NIFTY,07-Jul-2026,24436.30,11.8900,24800,0.9,152117,58065,442816,376.85,1984,311,4742
09:35,09:33,NIFTY,07-Jul-2026,24436.30,11.8900,24850,0.8,52173,16472,185212,422.9,458,118,473
09:35,09:33,NIFTY,07-Jul-2026,24436.30,11.8900,24900,0.75,79276,29878,246579,477.95,947,490,1143
09:35,09:33,NIFTY,07-Jul-2026,24436.30,11.8900,24950,0.75,51605,27828,141414,516.15,167,43,123
09:40,09:39,NIFTY,07-Jul-2026,24441.45,11.8800,23950,484.15,3980,-264,889,1.1,92183,20839,395126
09:40,09:39,NIFTY,07-Jul-2026,24441.45,11.8800,24000,431.4,55008,-1277,9445,1.35,281777,32245,795253
09:40,09:39,NIFTY,07-Jul-2026,24441.45,11.8800,24050,382.9,12698,-547,1901,1.6,97752,11999,425379
09:40,09:39,NIFTY,07-Jul-2026,24441.45,11.8800,24100,333.15,17954,-1269,10873,1.9,204989,42660,838063
09:40,09:39,NIFTY,07-Jul-2026,24441.45,11.8800,24150,284.95,8682,-447,8257,2.35,111983,15578,647395
09:40,09:39,NIFTY,07-Jul-2026,24441.45,11.8800,24200,235.95,27775,169,66034,3.35,217270,65422,1052035
09:40,09:39,NIFTY,07-Jul-2026,24441.45,11.8800,24250,187.6,12945,3407,62727,5.25,150218,56496,928199
09:40,09:39,NIFTY,07-Jul-2026,24441.45,11.8800,24300,141.5,65244,19297,340681,9.15,355914,143212,1496483
09:40,09:39,NIFTY,07-Jul-2026,24441.45,11.8800,24350,98.8,75680,24301,463894,16.25,337952,173734,1588567
09:40,09:39,NIFTY,07-Jul-2026,24441.45,11.8800,24400,62.7,287415,125422,1548395,30.35,505727,293420,2839498
09:40,09:39,NIFTY,07-Jul-2026,24441.45,11.8800,24450,35.2,414813,285279,2466178,53.05,316201,240584,2333967
09:40,09:39,NIFTY,07-Jul-2026,24441.45,11.8800,24500,18.05,584081,379834,2847314,86.5,174724,122602,1341202
09:40,09:39,NIFTY,07-Jul-2026,24441.45,11.8800,24550,8.45,243542,157549,1356440,126.8,37439,31000,312122
09:40,09:39,NIFTY,07-Jul-2026,24441.45,11.8800,24600,4.05,292973,130964,1160889,172.35,31652,19543,232142
09:40,09:39,NIFTY,07-Jul-2026,24441.45,11.8800,24650,2.05,183272,66247,882305,220.5,6838,5245,39941
09:40,09:39,NIFTY,07-Jul-2026,24441.45,11.8800,24700,1.4,170937,20309,718103,269.5,6742,4207,29236
09:40,09:39,NIFTY,07-Jul-2026,24441.45,11.8800,24750,1,81069,26015,355850,318.75,1165,493,4068
09:40,09:39,NIFTY,07-Jul-2026,24441.45,11.8800,24800,0.95,163018,68966,481067,370,1880,207,5957
09:40,09:39,NIFTY,07-Jul-2026,24441.45,11.8800,24850,0.8,53333,17632,205486,418.9,450,110,619
09:40,09:39,NIFTY,07-Jul-2026,24441.45,11.8800,24900,0.75,83139,33741,289232,467.7,927,470,1383
09:40,09:39,NIFTY,07-Jul-2026,24441.45,11.8800,24950,0.8,64512,40735,176311,509.05,156,32,162
09:42,09:40,NIFTY,07-Jul-2026,24448.80,11.8600,23950,493.5,3978,-266,920,1.15,91170,19826,401985
09:42,09:40,NIFTY,07-Jul-2026,24448.80,11.8600,24000,443.15,54948,-1337,9899,1.3,281798,32266,813839
09:42,09:40,NIFTY,07-Jul-2026,24448.80,11.8600,24050,395.35,12681,-564,1984,1.5,97413,11660,438605
09:42,09:40,NIFTY,07-Jul-2026,24448.80,11.8600,24100,344.05,17906,-1317,11489,1.8,207660,45331,857856
09:42,09:40,NIFTY,07-Jul-2026,24448.80,11.8600,24150,296.05,8664,-465,8499,2.1,111893,15488,662334
09:42,09:40,NIFTY,07-Jul-2026,24448.80,11.8600,24200,245.4,27882,276,69723,3,219473,67625,1079394
09:42,09:40,NIFTY,07-Jul-2026,24448.80,11.8600,24250,196.7,13119,3581,65539,4.5,151658,57936,964723
09:42,09:40,NIFTY,07-Jul-2026,24448.80,11.8600,24300,150.6,65316,19369,355388,7.75,361150,148448,1562145
09:42,09:40,NIFTY,07-Jul-2026,24448.80,11.8600,24350,107.2,76730,25351,486548,13.6,342833,178615,1667918
09:42,09:40,NIFTY,07-Jul-2026,24448.80,11.8600,24400,68.55,292714,130721,1628013,26,513300,300993,2995084
09:42,09:40,NIFTY,07-Jul-2026,24448.80,11.8600,24450,38.95,426334,296800,2592498,46.45,321140,245523,2455192
09:42,09:40,NIFTY,07-Jul-2026,24448.80,11.8600,24500,20.2,591004,386757,2980678,78.55,178015,125893,1408517
09:42,09:40,NIFTY,07-Jul-2026,24448.80,11.8600,24550,9.5,241150,155157,1419329,118.15,37817,31378,328662
09:42,09:40,NIFTY,07-Jul-2026,24448.80,11.8600,24600,4.45,292193,130184,1205504,163,31750,19641,242818
09:42,09:40,NIFTY,07-Jul-2026,24448.80,11.8600,24650,2.2,182385,65360,904838,210.45,6924,5331,42297
09:42,09:40,NIFTY,07-Jul-2026,24448.80,11.8600,24700,1.4,171316,20688,731267,258.45,6536,4001,30899
09:42,09:40,NIFTY,07-Jul-2026,24448.80,11.8600,24750,1,81085,26031,367986,308.95,1194,522,4179
09:42,09:40,NIFTY,07-Jul-2026,24448.80,11.8600,24800,0.9,166377,72325,503424,358.1,1897,224,6130
09:42,09:40,NIFTY,07-Jul-2026,24448.80,11.8600,24850,0.8,53511,17810,211204,407.5,422,82,653
09:42,09:40,NIFTY,07-Jul-2026,24448.80,11.8600,24900,0.7,83181,33783,292828,457.7,926,469,1405
09:42,09:40,NIFTY,07-Jul-2026,24448.80,11.8600,24950,0.75,68006,44229,188051,509.8,155,31,176
09:42,09:41,NIFTY,07-Jul-2026,24455.15,11.8700,23950,495.65,3972,-272,930,1.15,90621,19277,403557
09:42,09:41,NIFTY,07-Jul-2026,24455.15,11.8700,24000,445.4,54938,-1347,10019,1.3,281277,31745,819922
09:42,09:41,NIFTY,07-Jul-2026,24455.15,11.8700,24050,394.65,12671,-574,2001,1.55,98136,12383,444763
09:42,09:41,NIFTY,07-Jul-2026,24455.15,11.8700,24100,345.25,17858,-1365,11708,1.9,208746,46417,871872
09:42,09:41,NIFTY,07-Jul-2026,24455.15,11.8700,24150,296.9,8634,-495,8576,2.15,112541,16136,675684
09:42,09:41,NIFTY,07-Jul-2026,24455.15,11.8700,24200,248.35,27238,-368,71022,2.95,220201,68353,1093770
09:42,09:41,NIFTY,07-Jul-2026,24455.15,11.8700,24250,199.05,13158,3620,66816,4.35,152797,59075,982685
09:42,09:41,NIFTY,07-Jul-2026,24455.15,11.8700,24300,152.95,65947,20000,360519,7.4,365663,152961,1594175
09:42,09:41,NIFTY,07-Jul-2026,24455.15,11.8700,24350,108.3,77224,25845,495142,13.05,346786,182568,1703485
09:42,09:41,NIFTY,07-Jul-2026,24455.15,11.8700,24400,70,295629,133636,1656051,24.85,525560,313253,3058774
09:42,09:41,NIFTY,07-Jul-2026,24455.15,11.8700,24450,39.6,432357,302823,2641330,44.4,328215,252598,2503139
09:42,09:41,NIFTY,07-Jul-2026,24455.15,11.8700,24500,20.5,597759,393512,3031907,76.1,182511,130389,1433025
09:42,09:41,NIFTY,07-Jul-2026,24455.15,11.8700,24550,9.55,246896,160903,1446372,115.45,39811,33372,334626
09:42,09:41,NIFTY,07-Jul-2026,24455.15,11.8700,24600,4.45,294797,132788,1224146,160.7,32542,20433,247111
09:42,09:41,NIFTY,07-Jul-2026,24455.15,11.8700,24650,2.25,183324,66299,915718,207.15,6846,5253,43000
09:42,09:41,NIFTY,07-Jul-2026,24455.15,11.8700,24700,1.45,171046,20418,735037,257.7,6627,4092,31385
09:42,09:41,NIFTY,07-Jul-2026,24455.15,11.8700,24750,1.05,82554,27500,371903,307.85,1210,538,4239
09:42,09:41,NIFTY,07-Jul-2026,24455.15,11.8700,24800,0.9,162480,68428,506993,356.55,1937,264,6424
09:42,09:41,NIFTY,07-Jul-2026,24455.15,11.8700,24850,0.75,53730,18029,211793,407.8,421,81,663
09:42,09:41,NIFTY,07-Jul-2026,24455.15,11.8700,24900,0.75,83147,33749,294864,456.65,669,212,1864
09:42,09:41,NIFTY,07-Jul-2026,24455.15,11.8700,24950,0.75,69818,46041,190319,507.65,150,26,180
09:45,09:43,NIFTY,07-Jul-2026,24459.00,11.8600,23950,505.6,3967,-277,946,1.25,89295,17951,410002
09:45,09:43,NIFTY,07-Jul-2026,24459.00,11.8600,24000,451.4,54870,-1415,10403,1.4,281921,32389,835919
09:45,09:43,NIFTY,07-Jul-2026,24459.00,11.8600,24050,403.35,12660,-585,2076,1.6,100396,14643,451981
09:45,09:43,NIFTY,07-Jul-2026,24459.00,11.8600,24100,351.8,17828,-1395,12167,1.9,211247,48918,892222
09:45,09:43,NIFTY,07-Jul-2026,24459.00,11.8600,24150,302.45,8602,-527,9102,2.15,115335,18930,695722
09:45,09:43,NIFTY,07-Jul-2026,24459.00,11.8600,24200,254.1,26529,-1077,76048,2.85,222022,70174,1124099
09:45,09:43,NIFTY,07-Jul-2026,24459.00,11.8600,24250,204.95,12966,3428,72074,4.1,157068,63346,1014180
09:45,09:43,NIFTY,07-Jul-2026,24459.00,11.8600,24300,158.2,63778,17831,384913,6.95,376774,164072,1659261
09:45,09:43,NIFTY,07-Jul-2026,24459.00,11.8600,24350,113.75,72637,21258,534145,11.85,354320,190102,1777504
09:45,09:43,NIFTY,07-Jul-2026,24459.00,11.8600,24400,73.9,281327,119334,1776182,22.8,549144,336837,3226361
09:45,09:43,NIFTY,07-Jul-2026,24459.00,11.8600,24450,42.85,419614,290080,2828967,41,355090,279473,2641665
09:45,09:43,NIFTY,07-Jul-2026,24459.00,11.8600,24500,22,599397,395150,3240534,71.4,198952,146830,1510408
09:45,09:43,NIFTY,07-Jul-2026,24459.00,11.8600,24550,10.45,255630,169637,1538205,109.95,41965,35526,352374
09:45,09:43,NIFTY,07-Jul-2026,24459.00,11.8600,24600,4.8,297102,135093,1273344,154,35236,23127,260743
09:45,09:43,NIFTY,07-Jul-2026,24459.00,11.8600,24650,2.3,183841,66816,938684,202.4,7568,5975,45640
09:45,09:43,NIFTY,07-Jul-2026,24459.00,11.8600,24700,1.4,172522,21894,755484,250.95,7114,4579,33363
09:45,09:43,NIFTY,07-Jul-2026,24459.00,11.8600,24750,1.05,83890,28836,377902,301.3,1305,633,4471
09:45,09:43,NIFTY,07-Jul-2026,24459.00,11.8600,24800,0.9,159584,65532,512462,351.15,2332,659,7404
09:45,09:43,NIFTY,07-Jul-2026,24459.00,11.8600,24850,0.75,53673,17972,213399,401.05,431,91,695
09:45,09:43,NIFTY,07-Jul-2026,24459.00,11.8600,24900,0.7,85194,35796,303972,448,855,398,2137
09:45,09:43,NIFTY,07-Jul-2026,24459.00,11.8600,24950,0.65,70329,46552,198014,492.35,151,27,185
09:47,09:46,NIFTY,07-Jul-2026,24469.45,11.8300,23950,505.9,3963,-281,973,1.25,90330,18986,420214
09:47,09:46,NIFTY,07-Jul-2026,24469.45,11.8300,24000,454.45,54814,-1471,10691,1.4,283058,33526,853481
09:47,09:46,NIFTY,07-Jul-2026,24469.45,11.8300,24050,404.8,12666,-579,2123,1.6,103769,18016,468606
09:47,09:46,NIFTY,07-Jul-2026,24469.45,11.8300,24100,354.95,17776,-1447,12497,1.85,216997,54668,916224
09:47,09:46,NIFTY,07-Jul-2026,24469.45,11.8300,24150,306.85,8591,-538,9276,2.1,117100,20695,713474
09:47,09:46,NIFTY,07-Jul-2026,24469.45,11.8300,24200,256,26222,-1384,78783,2.85,226060,74212,1157721
09:47,09:46,NIFTY,07-Jul-2026,24469.45,11.8300,24250,206.7,13299,3761,74948,4.1,158900,65178,1041420
09:47,09:46,NIFTY,07-Jul-2026,24469.45,11.8300,24300,159.75,66438,20491,400826,6.85,385006,172304,1715001
09:47,09:46,NIFTY,07-Jul-2026,24469.45,11.8300,24350,114.85,73058,21679,555100,11.65,360822,196604,1835203
09:47,09:46,NIFTY,07-Jul-2026,24469.45,11.8300,24400,75.15,280393,118400,1854169,22.05,586393,374086,3358114
09:47,09:46,NIFTY,07-Jul-2026,24469.45,11.8300,24450,42.95,429827,300293,2966892,40,390456,314839,2763003
09:47,09:46,NIFTY,07-Jul-2026,24469.45,11.8300,24500,22.35,602902,398655,3391527,69.85,220870,168748,1581336
09:47,09:46,NIFTY,07-Jul-2026,24469.45,11.8300,24550,10.35,261121,175128,1615742,108.15,46200,39761,367095
09:47,09:46,NIFTY,07-Jul-2026,24469.45,11.8300,24600,4.7,303696,141687,1327463,153,38633,26524,269324
09:47,09:46,NIFTY,07-Jul-2026,24469.45,11.8300,24650,2.25,181532,64507,973220,200.3,8280,6687,47273
09:47,09:46,NIFTY,07-Jul-2026,24469.45,11.8300,24700,1.4,168122,17494,768478,249.25,8542,6007,35469
09:47,09:46,NIFTY,07-Jul-2026,24469.45,11.8300,24750,1.05,87602,32548,390314,298.35,1372,700,4597
09:47,09:46,NIFTY,07-Jul-2026,24469.45,11.8300,24800,0.9,159524,65472,521178,347.6,2425,752,7703
09:47,09:46,NIFTY,07-Jul-2026,24469.45,11.8300,24850,0.8,53083,17382,219817,399,434,94,710
09:47,09:46,NIFTY,07-Jul-2026,24469.45,11.8300,24900,0.7,85036,35638,306786,447.35,866,409,2207
09:47,09:46,NIFTY,07-Jul-2026,24469.45,11.8300,24950,0.7,71199,47422,201720,499.3,153,29,193
09:48,09:47,NIFTY,07-Jul-2026,24458.70,11.8300,23950,508.4,3963,-281,1010,1.25,90330,18986,428928
09:48,09:47,NIFTY,07-Jul-2026,24458.70,11.8300,24000,455.7,54814,-1471,10914,1.4,283058,33526,862379
09:48,09:47,NIFTY,07-Jul-2026,24458.70,11.8300,24050,406.5,12666,-579,2201,1.6,103769,18016,472255
09:48,09:47,NIFTY,07-Jul-2026,24458.70,11.8300,24100,355.95,17776,-1447,12871,1.8,216997,54668,929587
09:48,09:47,NIFTY,07-Jul-2026,24458.70,11.8300,24150,305.8,8657,-472,9667,2.15,117152,20747,722107
09:48,09:47,NIFTY,07-Jul-2026,24458.70,11.8300,24200,257.1,26181,-1425,81573,2.85,225894,74046,1175776
09:48,09:47,NIFTY,07-Jul-2026,24458.70,11.8300,24250,208.7,13180,3642,78412,4.1,158547,64825,1062418
09:48,09:47,NIFTY,07-Jul-2026,24458.70,11.8300,24300,160.85,66438,20491,419803,6.75,385006,172304,1765416
09:48,09:47,NIFTY,07-Jul-2026,24458.70,11.8300,24350,115.85,73058,21679,581612,11.4,360822,196604,1879310
09:48,09:47,NIFTY,07-Jul-2026,24458.70,11.8300,24400,76,280393,118400,1947655,21.5,586393,374086,3482035
09:48,09:47,NIFTY,07-Jul-2026,24458.70,11.8300,24450,43.55,429827,300293,3127808,39.3,390456,314839,2875973
09:48,09:47,NIFTY,07-Jul-2026,24458.70,11.8300,24500,22.6,597399,393152,3553186,69.05,223087,170965,1642357
09:48,09:47,NIFTY,07-Jul-2026,24458.70,11.8300,24550,10.4,261340,175347,1683665,106.9,46454,40015,382466
09:48,09:47,NIFTY,07-Jul-2026,24458.70,11.8300,24600,4.65,302173,140164,1373519,151.65,40755,28646,280616
09:48,09:47,NIFTY,07-Jul-2026,24458.70,11.8300,24650,2.25,181532,64507,989842,199.3,8280,6687,49146
09:48,09:47,NIFTY,07-Jul-2026,24458.70,11.8300,24700,1.35,168122,17494,785743,248.5,8542,6007,36681
09:48,09:47,NIFTY,07-Jul-2026,24458.70,11.8300,24750,1,87602,32548,397859,296.95,1372,700,4918
09:48,09:47,NIFTY,07-Jul-2026,24458.70,11.8300,24800,0.8,159524,65472,528282,348,2425,752,8009
09:48,09:47,NIFTY,07-Jul-2026,24458.70,11.8300,24850,0.7,52915,17214,223915,396.15,422,82,746
09:48,09:47,NIFTY,07-Jul-2026,24458.70,11.8300,24900,0.65,85018,35620,310914,445.5,929,472,2288
09:48,09:47,NIFTY,07-Jul-2026,24458.70,11.8300,24950,0.65,70265,46488,210927,495.05,153,29,196
09:50,09:49,NIFTY,07-Jul-2026,24467.30,11.8300,23950,505.4,3973,-271,1019,1.25,92514,21170,432294
09:50,09:49,NIFTY,07-Jul-2026,24467.30,11.8300,24000,455,54682,-1603,11175,1.4,282475,32943,874074
09:50,09:49,NIFTY,07-Jul-2026,24467.30,11.8300,24050,402.8,12645,-600,2263,1.6,103298,17545,476975
09:50,09:49,NIFTY,07-Jul-2026,24467.30,11.8300,24100,354.65,17742,-1481,13373,1.8,218418,56089,942854
09:50,09:49,NIFTY,07-Jul-2026,24467.30,11.8300,24150,307.35,8612,-517,10182,2.15,117059,20654,732495
09:50,09:49,NIFTY,07-Jul-2026,24467.30,11.8300,24200,257.8,26191,-1415,84314,2.8,227333,75485,1196786
09:50,09:49,NIFTY,07-Jul-2026,24467.30,11.8300,24250,209.1,13002,3464,81445,4,159940,66218,1084544
09:50,09:49,NIFTY,07-Jul-2026,24467.30,11.8300,24300,161.55,61269,15322,440012,6.65,382850,170148,1819276
09:50,09:49,NIFTY,07-Jul-2026,24467.30,11.8300,24350,116.45,69801,18422,610368,11.25,358350,194132,1942037
09:50,09:49,NIFTY,07-Jul-2026,24467.30,11.8300,24400,76.1,267029,105036,2048248,21,585855,373548,3628239
09:50,09:49,NIFTY,07-Jul-2026,24467.30,11.8300,24450,43.25,411419,281885,3280436,38.4,402944,327327,3023748
09:50,09:49,NIFTY,07-Jul-2026,24467.30,11.8300,24500,22.1,597124,392877,3726042,68.05,223282,171160,1735155
09:50,09:49,NIFTY,07-Jul-2026,24467.30,11.8300,24550,10.05,261728,175735,1771422,106,47221,40782,400821
09:50,09:49,NIFTY,07-Jul-2026,24467.30,11.8300,24600,4.55,303261,141252,1421289,150.95,42121,30012,297338
09:50,09:49,NIFTY,07-Jul-2026,24467.30,11.8300,24650,2.15,185141,68116,1016392,198.85,8454,6861,51190
09:50,09:49,NIFTY,07-Jul-2026,24467.30,11.8300,24700,1.35,169539,18911,796656,247,8666,6131,38439
09:50,09:49,NIFTY,07-Jul-2026,24467.30,11.8300,24750,1.05,91337,36283,406518,297.8,1362,690,5286
09:50,09:49,NIFTY,07-Jul-2026,24467.30,11.8300,24800,0.8,157892,63840,548869,347,2448,775,8277
09:50,09:49,NIFTY,07-Jul-2026,24467.30,11.8300,24850,0.7,52854,17153,224788,404,432,92,779
09:50,09:49,NIFTY,07-Jul-2026,24467.30,11.8300,24900,0.65,87517,38119,319424,450.4,902,445,2395
09:50,09:49,NIFTY,07-Jul-2026,24467.30,11.8300,24950,0.65,68787,45010,213698,510,155,31,201
09:55,09:53,NIFTY,07-Jul-2026,24466.50,11.8200,23950,506.9,3936,-308,1085,1.25,95346,24002,445625
09:55,09:53,NIFTY,07-Jul-2026,24466.50,11.8200,24000,457.85,54564,-1721,11897,1.35,282162,32630,898371
09:55,09:53,NIFTY,07-Jul-2026,24466.50,11.8200,24050,409.7,12631,-614,2624,1.5,104736,18983,486810
09:55,09:53,NIFTY,07-Jul-2026,24466.50,11.8200,24100,358.15,17752,-1471,14262,1.75,220403,58074,971087
09:55,09:53,NIFTY,07-Jul-2026,24466.50,11.8200,24150,308.85,8768,-361,11492,2,118472,22067,748961
09:55,09:53,NIFTY,07-Jul-2026,24466.50,11.8200,24200,259.55,25864,-1742,88755,2.7,229530,77682,1257277
09:55,09:53,NIFTY,07-Jul-2026,24466.50,11.8200,24250,210.65,12663,3125,86897,3.85,163103,69381,1140468
09:55,09:53,NIFTY,07-Jul-2026,24466.50,11.8200,24300,162.95,59298,13351,468956,6.35,389288,176586,1916474
09:55,09:53,NIFTY,07-Jul-2026,24466.50,11.8200,24350,117.5,69011,17632,657880,10.8,363853,199635,2058285
09:55,09:53,NIFTY,07-Jul-2026,24466.50,11.8200,24400,77.1,266855,104862,2218864,20.25,608492,396185,3866995
09:55,09:53,NIFTY,07-Jul-2026,24466.50,11.8200,24450,44.05,425434,295900,3587525,36.6,442308,366691,3264484
09:55,09:53,NIFTY,07-Jul-2026,24466.50,11.8200,24500,22.45,624643,420396,4067584,66.25,244593,192471,1873181
09:55,09:53,NIFTY,07-Jul-2026,24466.50,11.8200,24550,10.2,271186,185193,1931181,103.95,51039,44600,428671
09:55,09:53,NIFTY,07-Jul-2026,24466.50,11.8200,24600,4.55,307602,145593,1514804,148.7,47699,35590,322161
09:55,09:53,NIFTY,07-Jul-2026,24466.50,11.8200,24650,2.1,188186,71161,1077522,196.8,9318,7725,55060
09:55,09:53,NIFTY,07-Jul-2026,24466.50,11.8200,24700,1.4,171895,21267,823372,245.85,10987,8452,43587
09:55,09:53,NIFTY,07-Jul-2026,24466.50,11.8200,24750,1,91423,36369,421503,294.55,1532,860,5902
09:55,09:53,NIFTY,07-Jul-2026,24466.50,11.8200,24800,0.8,154483,60431,572983,345.3,2500,827,8828
09:55,09:53,NIFTY,07-Jul-2026,24466.50,11.8200,24850,0.7,56120,20419,239706,394.05,437,97,834
09:55,09:53,NIFTY,07-Jul-2026,24466.50,11.8200,24900,0.65,88531,39133,326167,445.5,969,512,2506
09:55,09:53,NIFTY,07-Jul-2026,24466.50,11.8200,24950,0.65,68413,44636,225033,493.35,158,34,206
10:00,09:58,NIFTY,07-Jul-2026,24474.65,11.8000,23950,517.15,3927,-317,1145,1.25,99102,27758,461199
10:00,09:58,NIFTY,07-Jul-2026,24474.65,11.8000,24000,465.05,54407,-1878,12537,1.3,290139,40607,928582
10:00,09:58,NIFTY,07-Jul-2026,24474.65,11.8000,24050,415.9,12626,-619,2858,1.45,106049,20296,505915
10:00,09:58,NIFTY,07-Jul-2026,24474.65,11.8000,24100,368,17573,-1650,15131,1.65,223009,60680,1001128
10:00,09:58,NIFTY,07-Jul-2026,24474.65,11.8000,24150,316.9,8702,-427,12300,1.95,119095,22690,772831
10:00,09:58,NIFTY,07-Jul-2026,24474.65,11.8000,24200,267.05,25645,-1961,92828,2.55,234517,82669,1313733
10:00,09:58,NIFTY,07-Jul-2026,24474.65,11.8000,24250,218.75,12368,2830,91007,3.45,165856,72134,1186655
10:00,09:58,NIFTY,07-Jul-2026,24474.65,11.8000,24300,172.4,58840,12893,493967,5.5,401517,188815,2025350
10:00,09:58,NIFTY,07-Jul-2026,24474.65,11.8000,24350,124.3,69048,17669,694312,9.1,362947,198729,2182660
10:00,09:58,NIFTY,07-Jul-2026,24474.65,11.8000,24400,82.55,261142,99149,2360003,17,645089,432782,4121601
10:00,09:58,NIFTY,07-Jul-2026,24474.65,11.8000,24450,48.55,429005,299471,3838606,31.05,486546,410929,3504694
10:00,09:58,NIFTY,07-Jul-2026,24474.65,11.8000,24500,25,640253,436006,4373710,58.35,269042,216920,2016705
10:00,09:58,NIFTY,07-Jul-2026,24474.65,11.8000,24550,10.95,282384,196391,2079847,96.5,56336,49897,460045
10:00,09:58,NIFTY,07-Jul-2026,24474.65,11.8000,24600,5.1,316450,154441,1610842,140.4,52486,40377,344961
10:00,09:58,NIFTY,07-Jul-2026,24474.65,11.8000,24650,2.35,190891,73866,1138529,185.9,10328,8735,59229
10:00,09:58,NIFTY,07-Jul-2026,24474.65,11.8000,24700,1.4,173953,23325,846489,237.2,11507,8972,45780
10:00,09:58,NIFTY,07-Jul-2026,24474.65,11.8000,24750,1,94914,39860,428822,288,1503,831,6665
10:00,09:58,NIFTY,07-Jul-2026,24474.65,11.8000,24800,0.85,157177,63125,584952,336.95,2618,945,9509
10:00,09:58,NIFTY,07-Jul-2026,24474.65,11.8000,24850,0.7,54521,18820,244767,385.4,421,81,915
10:00,09:58,NIFTY,07-Jul-2026,24474.65,11.8000,24900,0.65,87992,38594,350033,435.5,954,497,2602
10:00,09:58,NIFTY,07-Jul-2026,24474.65,11.8000,24950,0.55,65550,41773,240208,485.15,163,39,216
10:05,10:03,NIFTY,07-Jul-2026,24483.80,11.8100,24000,472.85,53819,-2466,13799,1.4,297173,47641,976303
10:05,10:03,NIFTY,07-Jul-2026,24483.80,11.8100,24050,424.3,12569,-676,3208,1.55,102350,16597,525417
10:05,10:03,NIFTY,07-Jul-2026,24483.80,11.8100,24100,374.95,17514,-1709,16403,1.8,224983,62654,1041708
10:05,10:03,NIFTY,07-Jul-2026,24483.80,11.8100,24150,325.15,8793,-336,13300,2,123385,26980,810612
10:05,10:03,NIFTY,07-Jul-2026,24483.80,11.8100,24200,276.15,24767,-2839,98644,2.45,234275,82427,1390928
10:05,10:03,NIFTY,07-Jul-2026,24483.80,11.8100,24250,227,11250,1712,97365,3.3,168059,74337,1246743
10:05,10:03,NIFTY,07-Jul-2026,24483.80,11.8100,24300,178.65,53520,7573,535582,5.15,400186,187484,2165877
10:05,10:03,NIFTY,07-Jul-2026,24483.80,11.8100,24350,132.1,59065,7686,755238,8.15,351499,187281,2376380
10:05,10:03,NIFTY,07-Jul-2026,24483.80,11.8100,24400,88.5,225500,63507,2589237,14.65,672892,460585,4470857
10:05,10:03,NIFTY,07-Jul-2026,24483.80,11.8100,24450,51.55,368149,238615,4267428,27.8,550810,475193,3826407
10:05,10:03,NIFTY,07-Jul-2026,24483.80,11.8100,24500,26.9,595543,391296,4919026,53.5,322415,270293,2245201
10:05,10:03,NIFTY,07-Jul-2026,24483.80,11.8100,24550,12.25,275735,189742,2343819,89.05,65058,58619,512519
10:05,10:03,NIFTY,07-Jul-2026,24483.80,11.8100,24600,5.55,320381,158372,1806137,132.65,60738,48629,381016
10:05,10:03,NIFTY,07-Jul-2026,24483.80,11.8100,24650,2.5,194941,77916,1252063,180.05,12753,11160,66600
10:05,10:03,NIFTY,07-Jul-2026,24483.80,11.8100,24700,1.5,180269,29641,941532,229.5,14668,12133,52633
10:05,10:03,NIFTY,07-Jul-2026,24483.80,11.8100,24750,1,95558,40504,461237,278.25,1660,988,7556
10:05,10:03,NIFTY,07-Jul-2026,24483.80,11.8100,24800,0.75,154874,60822,639387,329.25,2814,1141,10458
10:05,10:03,NIFTY,07-Jul-2026,24483.80,11.8100,24850,0.6,51324,15623,260637,378.4,463,123,1094
10:05,10:03,NIFTY,07-Jul-2026,24483.80,11.8100,24900,0.55,88213,38815,376690,430.15,989,532,2886
10:05,10:03,NIFTY,07-Jul-2026,24483.80,11.8100,24950,0.5,63620,39843,257894,476.3,172,48,246
10:05,10:03,NIFTY,07-Jul-2026,24483.80,11.8100,25000,0.5,204713,74902,605455,529.15,3706,-429,2716
10:10,10:09,NIFTY,07-Jul-2026,24487.95,11.8300,24000,477.65,53768,-2517,14411,1.4,293641,44109,1010839
10:10,10:09,NIFTY,07-Jul-2026,24487.95,11.8300,24050,425.8,12500,-745,3679,1.55,106732,20979,548550
10:10,10:09,NIFTY,07-Jul-2026,24487.95,11.8300,24100,377.95,17435,-1788,17612,1.75,225519,63190,1068058
10:10,10:09,NIFTY,07-Jul-2026,24487.95,11.8300,24150,327.4,8816,-313,14103,2.05,121477,25072,853076
10:10,10:09,NIFTY,07-Jul-2026,24487.95,11.8300,24200,277.3,24567,-3039,104074,2.45,241382,89534,1457591
10:10,10:09,NIFTY,07-Jul-2026,24487.95,11.8300,24250,229.05,10923,1385,103538,3.25,170787,77065,1306384
10:10,10:09,NIFTY,07-Jul-2026,24487.95,11.8300,24300,179.8,51993,6046,572380,5,410129,197427,2287612
10:10,10:09,NIFTY,07-Jul-2026,24487.95,11.8300,24350,133.3,55707,4328,820042,7.9,359390,195172,2565107
10:10,10:09,NIFTY,07-Jul-2026,24487.95,11.8300,24400,89.05,218671,56678,2822554,14.3,701555,489248,4825549
10:10,10:09,NIFTY,07-Jul-2026,24487.95,11.8300,24450,52.4,367725,238191,4726545,26.45,584875,509258,4231259
10:10,10:09,NIFTY,07-Jul-2026,24487.95,11.8300,24500,27.1,600340,396093,5594489,51.35,337559,285437,2571202
10:10,10:09,NIFTY,07-Jul-2026,24487.95,11.8300,24550,11.9,283879,197886,2676775,87.7,68277,61838,597737
10:10,10:09,NIFTY,07-Jul-2026,24487.95,11.8300,24600,5.35,322263,160254,2016718,131,63779,51670,433268
10:10,10:09,NIFTY,07-Jul-2026,24487.95,11.8300,24650,2.35,203041,86016,1375211,178,13112,11519,77803
10:10,10:09,NIFTY,07-Jul-2026,24487.95,11.8300,24700,1.45,184020,33392,1015688,227,15076,12541,59097
10:10,10:09,NIFTY,07-Jul-2026,24487.95,11.8300,24750,0.95,97119,42065,480289,276.75,1803,1131,8649
10:10,10:09,NIFTY,07-Jul-2026,24487.95,11.8300,24800,0.8,153824,59772,655790,325.3,2762,1089,11399
10:10,10:09,NIFTY,07-Jul-2026,24487.95,11.8300,24850,0.7,50376,14675,271831,374.95,456,116,1216
10:10,10:09,NIFTY,07-Jul-2026,24487.95,11.8300,24900,0.6,89016,39618,391212,425,1111,654,3097
10:10,10:09,NIFTY,07-Jul-2026,24487.95,11.8300,24950,0.5,61684,37907,267622,473.35,188,64,275
10:10,10:09,NIFTY,07-Jul-2026,24487.95,11.8300,25000,0.55,200198,70387,624094,524.6,3700,-435,2965
10:15,10:13,NIFTY,07-Jul-2026,24490.55,11.8100,24000,481.8,53709,-2576,15056,1.55,294939,45407,1048377
10:15,10:13,NIFTY,07-Jul-2026,24490.55,11.8100,24050,435.45,12497,-748,3795,1.7,106819,21066,560634
10:15,10:13,NIFTY,07-Jul-2026,24490.55,11.8100,24100,383.55,17338,-1885,18242,1.9,228487,66158,1096153
10:15,10:13,NIFTY,07-Jul-2026,24490.55,11.8100,24150,332.4,8595,-534,14869,2.15,120880,24475,872323
10:15,10:13,NIFTY,07-Jul-2026,24490.55,11.8100,24200,284,24285,-3321,107079,2.6,236235,84387,1498140
10:15,10:13,NIFTY,07-Jul-2026,24490.55,11.8100,24250,234.1,10358,820,107447,3.35,174673,80951,1348210
10:15,10:13,NIFTY,07-Jul-2026,24490.55,11.8100,24300,185.5,50725,4778,597570,4.9,416113,203411,2375518
10:15,10:13,NIFTY,07-Jul-2026,24490.55,11.8100,24350,139.25,53025,1646,858288,7.5,361258,197040,2661530
10:15,10:13,NIFTY,07-Jul-2026,24490.55,11.8100,24400,94.05,207136,45143,2979686,13.35,724886,512579,5015598
10:15,10:13,NIFTY,07-Jul-2026,24490.55,11.8100,24450,56.55,333302,203768,5042060,24.6,623898,548281,4457683
10:15,10:13,NIFTY,07-Jul-2026,24490.55,11.8100,24500,28.95,574004,369757,6109303,48.6,380880,328758,2755955
10:15,10:13,NIFTY,07-Jul-2026,24490.55,11.8100,24550,13.05,290046,204053,2948897,82.05,77988,71549,647089
10:15,10:13,NIFTY,07-Jul-2026,24490.55,11.8100,24600,5.7,330159,168150,2208276,125.75,73036,60927,466853
10:15,10:13,NIFTY,07-Jul-2026,24490.55,11.8100,24650,2.4,205393,88368,1494950,172.9,14210,12617,83133
10:15,10:13,NIFTY,07-Jul-2026,24490.55,11.8100,24700,1.45,189280,38652,1141816,221.05,17606,15071,65256
10:15,10:13,NIFTY,07-Jul-2026,24490.55,11.8100,24750,1,95862,40808,516797,270.5,2007,1335,9053
10:15,10:13,NIFTY,07-Jul-2026,24490.55,11.8100,24800,0.8,152247,58195,694212,320.65,3148,1475,12052
10:15,10:13,NIFTY,07-Jul-2026,24490.55,11.8100,24850,0.7,50564,14863,291610,370,483,143,1265
10:15,10:13,NIFTY,07-Jul-2026,24490.55,11.8100,24900,0.65,86300,36902,412187,420.45,1108,651,3202
10:15,10:13,NIFTY,07-Jul-2026,24490.55,11.8100,24950,0.55,59244,35467,280240,469.65,186,62,283
10:15,10:13,NIFTY,07-Jul-2026,24490.55,11.8100,25000,0.55,201823,72012,650865,516.55,3684,-451,3183
10:20,10:19,NIFTY,07-Jul-2026,24494.95,11.8100,24000,483.5,53646,-2639,15551,1.65,299207,49675,1082864
10:20,10:19,NIFTY,07-Jul-2026,24494.95,11.8100,24050,432.7,12485,-760,3917,1.8,108389,22636,582877
10:20,10:19,NIFTY,07-Jul-2026,24494.95,11.8100,24100,384.75,17264,-1959,18873,2,235941,73612,1141408
10:20,10:19,NIFTY,07-Jul-2026,24494.95,11.8100,24150,335,8661,-468,15650,2.25,124496,28091,896409
10:20,10:19,NIFTY,07-Jul-2026,24494.95,11.8100,24200,284.15,24176,-3430,110063,2.65,240449,88601,1537747
10:20,10:19,NIFTY,07-Jul-2026,24494.95,11.8100,24250,236.15,10193,655,110799,3.4,178887,85165,1390795
10:20,10:19,NIFTY,07-Jul-2026,24494.95,11.8100,24300,187.65,51500,5553,620173,4.95,419774,207072,2452769
10:20,10:19,NIFTY,07-Jul-2026,24494.95,11.8100,24350,140,52273,894,891288,7.65,362649,198431,2756332
10:20,10:19,NIFTY,07-Jul-2026,24494.95,11.8100,24400,95.85,212465,50472,3125112,13.1,748046,535739,5219145
10:20,10:19,NIFTY,07-Jul-2026,24494.95,11.8100,24450,56.85,324328,194794,5309677,24.1,650100,574483,4736692
10:20,10:19,NIFTY,07-Jul-2026,24494.95,11.8100,24500,29.85,590912,386665,6603987,47.05,407781,355659,2991072
10:20,10:19,NIFTY,07-Jul-2026,24494.95,11.8100,24550,13.2,302341,216348,3185052,81.3,85414,78975,706160
10:20,10:19,NIFTY,07-Jul-2026,24494.95,11.8100,24600,5.8,341449,179440,2358447,124.35,77019,64910,504552
10:20,10:19,NIFTY,07-Jul-2026,24494.95,11.8100,24650,2.6,209417,92392,1590966,171.15,14754,13161,90088
10:20,10:19,NIFTY,07-Jul-2026,24494.95,11.8100,24700,1.6,193768,43140,1235707,220.6,18117,15582,70154
10:20,10:19,NIFTY,07-Jul-2026,24494.95,11.8100,24750,0.95,98208,43154,537580,268.8,2094,1422,9584
10:20,10:19,NIFTY,07-Jul-2026,24494.95,11.8100,24800,0.75,150002,55950,739137,319.65,3150,1477,12653
10:20,10:19,NIFTY,07-Jul-2026,24494.95,11.8100,24850,0.7,49957,14256,304691,369.15,515,175,1331
10:20,10:19,NIFTY,07-Jul-2026,24494.95,11.8100,24900,0.7,85626,36228,444539,420.45,1131,674,3301
10:20,10:19,NIFTY,07-Jul-2026,24494.95,11.8100,24950,0.55,56877,33100,299082,470.05,193,69,310
10:20,10:19,NIFTY,07-Jul-2026,24494.95,11.8100,25000,0.6,203576,73765,695797,519.45,3677,-458,3441
10:25,10:23,NIFTY,07-Jul-2026,24498.55,11.7900,24000,489.9,53551,-2734,16426,1.7,309603,60071,1131976
10:25,10:23,NIFTY,07-Jul-2026,24498.55,11.7900,24050,439.1,12256,-989,4333,1.85,108115,22362,594518
10:25,10:23,NIFTY,07-Jul-2026,24498.55,11.7900,24100,390.5,17003,-2220,19869,2,237183,74854,1200254
10:25,10:23,NIFTY,07-Jul-2026,24498.55,11.7900,24150,340.75,8659,-470,16332,2.3,126627,30222,918586
10:25,10:23,NIFTY,07-Jul-2026,24498.55,11.7900,24200,290.25,23643,-3963,113884,2.65,238932,87084,1587621
10:25,10:23,NIFTY,07-Jul-2026,24498.55,11.7900,24250,241.2,9916,378,114466,3.4,168786,75064,1442334
10:25,10:23,NIFTY,07-Jul-2026,24498.55,11.7900,24300,193.15,47315,1368,647128,4.75,421718,209016,2560209
10:25,10:23,NIFTY,07-Jul-2026,24498.55,11.7900,24350,145.45,46885,-4494,930687,7,362194,197976,2882125
10:25,10:23,NIFTY,07-Jul-2026,24498.55,11.7900,24400,100.55,184774,22781,3318020,11.95,746396,534089,5466722
10:25,10:23,NIFTY,07-Jul-2026,24498.55,11.7900,24450,60.2,265732,136198,5645797,21.75,684300,608683,5054151
10:25,10:23,NIFTY,07-Jul-2026,24498.55,11.7900,24500,31.55,521826,317579,7194053,43.25,459021,406899,3291596
10:25,10:23,NIFTY,07-Jul-2026,24498.55,11.7900,24550,14.05,298429,212436,3563253,76.4,100758,94319,790602
10:25,10:23,NIFTY,07-Jul-2026,24498.55,11.7900,24600,6,339878,177869,2577728,119.15,85519,73410,548494
10:25,10:23,NIFTY,07-Jul-2026,24498.55,11.7900,24650,2.6,205943,88918,1715130,165.4,16769,15176,99799
10:25,10:23,NIFTY,07-Jul-2026,24498.55,11.7900,24700,1.5,195850,45222,1338229,214.55,20488,17953,76904
10:25,10:23,NIFTY,07-Jul-2026,24498.55,11.7900,24750,0.9,96247,41193,592003,263.5,2100,1428,10748
10:25,10:23,NIFTY,07-Jul-2026,24498.55,11.7900,24800,0.8,147712,53660,785223,313.55,3441,1768,13684
10:25,10:23,NIFTY,07-Jul-2026,24498.55,11.7900,24850,0.65,49763,14062,318200,359.9,586,246,1418
10:25,10:23,NIFTY,07-Jul-2026,24498.55,11.7900,24900,0.6,83843,34445,464573,412.95,1155,698,3454
10:25,10:23,NIFTY,07-Jul-2026,24498.55,11.7900,24950,0.55,54323,30546,317971,462.55,219,95,387
10:25,10:23,NIFTY,07-Jul-2026,24498.55,11.7900,25000,0.55,202961,73150,746331,511.5,3729,-406,3563
10:30,10:29,NIFTY,07-Jul-2026,24488.85,11.7700,24000,483.3,53482,-2803,16878,1.65,314965,65433,1173050
10:30,10:29,NIFTY,07-Jul-2026,24488.85,11.7700,24050,433.5,12180,-1065,4484,1.85,114128,28375,624652
10:30,10:29,NIFTY,07-Jul-2026,24488.85,11.7700,24100,383.9,16920,-2303,20348,2,238572,76243,1232016
10:30,10:29,NIFTY,07-Jul-2026,24488.85,11.7700,24150,334.2,8612,-517,16989,2.3,129530,33125,940330
10:30,10:29,NIFTY,07-Jul-2026,24488.85,11.7700,24200,284.8,23650,-3956,116701,2.75,240554,88706,1623301
10:30,10:29,NIFTY,07-Jul-2026,24488.85,11.7700,24250,235,10082,544,118980,3.4,168704,74982,1482371
10:30,10:29,NIFTY,07-Jul-2026,24488.85,11.7700,24300,186.55,48381,2434,670656,4.95,419525,206823,2644374
10:30,10:29,NIFTY,07-Jul-2026,24488.85,11.7700,24350,139.3,47096,-4283,964103,7.7,365510,201292,2976700
10:30,10:29,NIFTY,07-Jul-2026,24488.85,11.7700,24400,95.2,186595,24602,3456553,13.3,764663,552356,5728560
10:30,10:29,NIFTY,07-Jul-2026,24488.85,11.7700,24450,56.15,276616,147082,5887447,24.45,691596,615979,5377532
10:30,10:29,NIFTY,07-Jul-2026,24488.85,11.7700,24500,28.8,553717,349470,7693091,47.2,467127,415005,3598998
10:30,10:29,NIFTY,07-Jul-2026,24488.85,11.7700,24550,12.65,325074,239081,3867956,81.8,99991,93552,876871
10:30,10:29,NIFTY,07-Jul-2026,24488.85,11.7700,24600,5.5,349752,187743,2776233,125.05,88020,75911,599099
10:30,10:29,NIFTY,07-Jul-2026,24488.85,11.7700,24650,2.4,209325,92300,1829042,171.5,16756,15163,109657
10:30,10:29,NIFTY,07-Jul-2026,24488.85,11.7700,24700,1.45,199887,49259,1416969,221.35,20705,18170,83785
10:30,10:29,NIFTY,07-Jul-2026,24488.85,11.7700,24750,0.9,93914,38860,624568,269.15,2157,1485,11724
10:30,10:29,NIFTY,07-Jul-2026,24488.85,11.7700,24800,0.75,143420,49368,802323,320,3448,1775,14699
10:30,10:29,NIFTY,07-Jul-2026,24488.85,11.7700,24850,0.7,53119,17418,330846,370,617,277,1511
10:30,10:29,NIFTY,07-Jul-2026,24488.85,11.7700,24900,0.7,84216,34818,477703,421.65,1167,710,3542
10:30,10:29,NIFTY,07-Jul-2026,24488.85,11.7700,24950,0.6,53560,29783,319871,470,251,127,427
10:30,10:29,NIFTY,07-Jul-2026,24488.85,11.7700,25000,0.55,202965,73154,763042,521.8,3760,-375,3696
10:35,10:33,NIFTY,07-Jul-2026,24491.55,11.7800,24000,479.3,53471,-2814,17161,1.7,318155,68623,1204933
10:35,10:33,NIFTY,07-Jul-2026,24491.55,11.7800,24050,430.7,12182,-1063,4697,1.8,116380,30627,635482
10:35,10:33,NIFTY,07-Jul-2026,24491.55,11.7800,24100,380.75,16785,-2438,20654,2,243593,81264,1260157
10:35,10:33,NIFTY,07-Jul-2026,24491.55,11.7800,24150,330.95,8571,-558,17230,2.35,132498,36093,956049
10:35,10:33,NIFTY,07-Jul-2026,24491.55,11.7800,24200,281.85,23761,-3845,118660,2.75,243886,92038,1644125
10:35,10:33,NIFTY,07-Jul-2026,24491.55,11.7800,24250,233,9999,461,121126,3.5,170139,76417,1502354
10:35,10:33,NIFTY,07-Jul-2026,24491.55,11.7800,24300,184.85,48805,2858,685178,5.1,414627,201925,2699240
10:35,10:33,NIFTY,07-Jul-2026,24491.55,11.7800,24350,137,48500,-2879,984309,7.95,366939,202721,3047137
10:35,10:33,NIFTY,07-Jul-2026,24491.55,11.7800,24400,93.25,188005,26012,3537009,13.75,774253,561946,5921889
10:35,10:33,NIFTY,07-Jul-2026,24491.55,11.7800,24450,54.65,275529,145995,6039473,25.15,700897,625280,5624677
10:35,10:33,NIFTY,07-Jul-2026,24491.55,11.7800,24500,27.65,570678,366431,7998411,48.35,478286,426164,3833814
10:35,10:33,NIFTY,07-Jul-2026,24491.55,11.7800,24550,11.95,329936,243943,4044748,83.15,102257,95818,936648
10:35,10:33,NIFTY,07-Jul-2026,24491.55,11.7800,24600,5.1,356939,194930,2873963,126.8,89022,76913,632818
10:35,10:33,NIFTY,07-Jul-2026,24491.55,11.7800,24650,2.3,212891,95866,1895469,173.65,17139,15546,116533
10:35,10:33,NIFTY,07-Jul-2026,24491.55,11.7800,24700,1.4,201645,51017,1445762,223.3,20969,18434,87901
10:35,10:33,NIFTY,07-Jul-2026,24491.55,11.7800,24750,0.95,96686,41632,644749,273,2242,1570,12159
10:35,10:33,NIFTY,07-Jul-2026,24491.55,11.7800,24800,0.75,143054,49002,809086,322,3475,1802,15382
10:35,10:33,NIFTY,07-Jul-2026,24491.55,11.7800,24850,0.75,51901,16200,336437,372.25,652,312,1594
10:35,10:33,NIFTY,07-Jul-2026,24491.55,11.7800,24900,0.7,87593,38195,488053,420.9,1162,705,3610
10:35,10:33,NIFTY,07-Jul-2026,24491.55,11.7800,24950,0.6,54377,30600,344567,470.05,290,166,492
10:35,10:33,NIFTY,07-Jul-2026,24491.55,11.7800,25000,0.65,206256,76445,789019,522.75,3725,-410,3840
10:39,10:38,NIFTY,07-Jul-2026,24494.35,11.7400,24000,485.75,53444,-2841,17342,1.8,320408,70876,1229724
10:39,10:38,NIFTY,07-Jul-2026,24494.35,11.7400,24050,436.45,12165,-1080,4777,1.9,117402,31649,641818
10:39,10:38,NIFTY,07-Jul-2026,24494.35,11.7400,24100,386.05,16625,-2598,21260,2.05,244003,81674,1275906
10:39,10:38,NIFTY,07-Jul-2026,24494.35,11.7400,24150,337.75,8711,-418,17424,2.4,133848,37443,967937
10:39,10:38,NIFTY,07-Jul-2026,24494.35,11.7400,24200,287.35,23707,-3899,120444,2.8,246519,94671,1666121
10:39,10:38,NIFTY,07-Jul-2026,24494.35,11.7400,24250,238.55,10067,529,122135,3.55,172731,79009,1522526
10:39,10:38,NIFTY,07-Jul-2026,24494.35,11.7400,24300,189.9,48756,2809,692377,4.9,416269,203567,2751128
10:39,10:38,NIFTY,07-Jul-2026,24494.35,11.7400,24350,142.95,49019,-2360,994134,7.3,368915,204697,3125350
10:39,10:38,NIFTY,07-Jul-2026,24494.35,11.7400,24400,98,189542,27549,3583986,12.6,775822,563515,6063058
10:39,10:38,NIFTY,07-Jul-2026,24494.35,11.7400,24450,58.15,278675,149141,6128599,22.85,704031,628414,5784226
10:39,10:38,NIFTY,07-Jul-2026,24494.35,11.7400,24500,29.85,585424,381177,8191950,44.5,477684,425562,3962274
10:39,10:38,NIFTY,07-Jul-2026,24494.35,11.7400,24550,12.75,351135,265142,4183448,78.15,104112,97673,972489
10:39,10:38,NIFTY,07-Jul-2026,24494.35,11.7400,24600,5.4,359511,197502,2947828,120.95,89070,76961,650354
10:39,10:38,NIFTY,07-Jul-2026,24494.35,11.7400,24650,2.3,211430,94405,1951404,167.55,17438,15845,119964
10:39,10:38,NIFTY,07-Jul-2026,24494.35,11.7400,24700,1.4,198940,48312,1475389,217,21327,18792,89654
10:39,10:38,NIFTY,07-Jul-2026,24494.35,11.7400,24750,0.9,95872,40818,648379,267,2312,1640,12401
10:39,10:38,NIFTY,07-Jul-2026,24494.35,11.7400,24800,0.8,140632,46580,824341,317.05,3449,1776,15729
10:39,10:38,NIFTY,07-Jul-2026,24494.35,11.7400,24850,0.7,52413,16712,344533,368.1,683,343,1653
10:39,10:38,NIFTY,07-Jul-2026,24494.35,11.7400,24900,0.65,89074,39676,493019,418.85,1175,718,3633
10:39,10:38,NIFTY,07-Jul-2026,24494.35,11.7400,24950,0.6,53036,29259,355284,467.45,302,178,511
10:39,10:38,NIFTY,07-Jul-2026,24494.35,11.7400,25000,0.6,217381,87570,820615,516.1,3728,-407,3879
10:40,10:39,NIFTY,07-Jul-2026,24488.35,11.7400,24000,484.6,53460,-2825,17380,1.85,322664,73132,1234130
10:40,10:39,NIFTY,07-Jul-2026,24488.35,11.7400,24050,435.05,12143,-1102,4927,1.95,117790,32037,643861
10:40,10:39,NIFTY,07-Jul-2026,24488.35,11.7400,24100,386.25,16613,-2610,21339,2.15,241494,79165,1277697
10:40,10:39,NIFTY,07-Jul-2026,24488.35,11.7400,24150,335.15,8709,-420,17461,2.4,134628,38223,969745
10:40,10:39,NIFTY,07-Jul-2026,24488.35,11.7400,24200,285,23672,-3934,120630,2.85,248073,96225,1668573
10:40,10:39,NIFTY,07-Jul-2026,24488.35,11.7400,24250,235.15,10102,564,122388,3.6,172932,79210,1527859
10:40,10:39,NIFTY,07-Jul-2026,24488.35,11.7400,24300,187.65,47965,2018,694833,5.15,415611,202909,2757150
10:40,10:39,NIFTY,07-Jul-2026,24488.35,11.7400,24350,139.45,49174,-2205,997597,7.8,368388,204170,3133120
10:40,10:39,NIFTY,07-Jul-2026,24488.35,11.7400,24400,95.35,187914,25921,3597054,13.35,776006,563699,6081587
10:40,10:39,NIFTY,07-Jul-2026,24488.35,11.7400,24450,56.1,275465,145931,6152832,24.2,704416,628799,5809700
10:40,10:39,NIFTY,07-Jul-2026,24488.35,11.7400,24500,28.35,582294,378047,8254410,46.6,477781,425659,3989018
10:40,10:39,NIFTY,07-Jul-2026,24488.35,11.7400,24550,12.25,351265,265272,4210899,80.6,104235,97796,979875
10:40,10:39,NIFTY,07-Jul-2026,24488.35,11.7400,24600,5.2,359778,197769,2963482,124.7,89401,77292,655371
10:40,10:39,NIFTY,07-Jul-2026,24488.35,11.7400,24650,2.3,211369,94344,1958584,170.9,17299,15706,121019
10:40,10:39,NIFTY,07-Jul-2026,24488.35,11.7400,24700,1.35,199135,48507,1480548,220.4,21418,18883,90160
10:40,10:39,NIFTY,07-Jul-2026,24488.35,11.7400,24750,0.95,96109,41055,658008,268.45,2313,1641,12446
10:40,10:39,NIFTY,07-Jul-2026,24488.35,11.7400,24800,0.8,140705,46653,832654,318.75,3500,1827,15762
10:40,10:39,NIFTY,07-Jul-2026,24488.35,11.7400,24850,0.75,52406,16705,344876,368,685,345,1663
10:40,10:39,NIFTY,07-Jul-2026,24488.35,11.7400,24900,0.65,89105,39707,494098,418,1180,723,3651
10:40,10:39,NIFTY,07-Jul-2026,24488.35,11.7400,24950,0.6,52982,29205,359628,465.45,302,178,515
10:40,10:39,NIFTY,07-Jul-2026,24488.35,11.7400,25000,0.6,217924,88113,823738,519.55,3725,-410,3890
10:45,10:43,NIFTY,07-Jul-2026,24482.35,11.7200,24000,475,53287,-2998,18243,1.4,319722,70190,1274966
10:45,10:43,NIFTY,07-Jul-2026,24482.35,11.7200,24050,427,12014,-1231,5093,1.5,116798,31045,662302
10:45,10:43,NIFTY,07-Jul-2026,24482.35,11.7200,24100,378,16452,-2771,22269,1.65,240112,77783,1311703
10:45,10:43,NIFTY,07-Jul-2026,24482.35,11.7200,24150,326.8,8536,-593,18332,2,135942,39537,996417
10:45,10:43,NIFTY,07-Jul-2026,24482.35,11.7200,24200,277.75,23533,-4073,124356,2.4,246960,95112,1730834
10:45,10:43,NIFTY,07-Jul-2026,24482.35,11.7200,24250,228.6,10679,1141,130416,3.2,175132,81410,1588913
10:45,10:43,NIFTY,07-Jul-2026,24482.35,11.7200,24300,179.8,45884,-63,728262,4.85,404604,191902,2891328
10:45,10:43,NIFTY,07-Jul-2026,24482.35,11.7200,24350,132.65,49108,-2271,1049642,7.7,363225,199007,3319980
10:45,10:43,NIFTY,07-Jul-2026,24482.35,11.7200,24400,88.7,194855,32862,3796534,13.85,754269,541962,6509223
10:45,10:43,NIFTY,07-Jul-2026,24482.35,11.7200,24450,50.9,283485,153951,6498900,25.9,670975,595358,6361231
10:45,10:43,NIFTY,07-Jul-2026,24482.35,11.7200,24500,24.85,591258,387011,8932702,50,428924,376802,4465557
10:45,10:43,NIFTY,07-Jul-2026,24482.35,11.7200,24550,10.4,361914,275921,4577985,85.75,92046,85607,1101111
10:45,10:43,NIFTY,07-Jul-2026,24482.35,11.7200,24600,4.35,366806,204797,3175273,130.05,78979,66870,732575
10:45,10:43,NIFTY,07-Jul-2026,24482.35,11.7200,24650,1.85,212339,95314,2066297,177.5,14778,13185,135586
10:45,10:43,NIFTY,07-Jul-2026,24482.35,11.7200,24700,1.15,201705,51077,1534524,227.55,17681,15146,101269
10:45,10:43,NIFTY,07-Jul-2026,24482.35,11.7200,24750,0.85,96443,41389,689916,276.8,2336,1664,13917
10:45,10:43,NIFTY,07-Jul-2026,24482.35,11.7200,24800,0.75,141630,47578,849794,326.85,3296,1623,16733
10:45,10:43,NIFTY,07-Jul-2026,24482.35,11.7200,24850,0.65,52913,17212,351576,376.4,682,342,1753
10:45,10:43,NIFTY,07-Jul-2026,24482.35,11.7200,24900,0.7,89404,40006,505516,425.55,1191,734,3910
10:45,10:43,NIFTY,07-Jul-2026,24482.35,11.7200,24950,0.55,53046,29269,366985,475.95,295,171,544
10:45,10:43,NIFTY,07-Jul-2026,24482.35,11.7200,25000,0.6,220249,90438,857640,523.4,3698,-437,4120
10:50,10:49,NIFTY,07-Jul-2026,24488.05,11.7000,24000,483.65,53230,-3055,19811,1.3,321740,72208,1306840
10:50,10:49,NIFTY,07-Jul-2026,24488.05,11.7000,24050,437.35,11992,-1253,5236,1.4,113498,27745,679261
10:50,10:49,NIFTY,07-Jul-2026,24488.05,11.7000,24100,384.15,16408,-2815,23692,1.6,238984,76655,1338017
10:50,10:49,NIFTY,07-Jul-2026,24488.05,11.7000,24150,336.3,8579,-550,18906,1.8,139440,43035,1028809
10:50,10:49,NIFTY,07-Jul-2026,24488.05,11.7000,24200,284,23466,-4140,128051,2.1,246090,94242,1794444
10:50,10:49,NIFTY,07-Jul-2026,24488.05,11.7000,24250,234.4,10851,1313,136627,2.7,185371,91649,1673918
10:50,10:49,NIFTY,07-Jul-2026,24488.05,11.7000,24300,186.55,44744,-1203,762204,4.15,405811,193109,3044258
10:50,10:49,NIFTY,07-Jul-2026,24488.05,11.7000,24350,138.55,51356,-23,1100890,6.5,369563,205345,3574647
10:50,10:49,NIFTY,07-Jul-2026,24488.05,11.7000,24400,93.85,193591,31598,3983059,11.85,759029,546722,6987752
10:50,10:49,NIFTY,07-Jul-2026,24488.05,11.7000,24450,54.6,290652,161118,6876368,22.6,668766,593149,6928738
10:50,10:49,NIFTY,07-Jul-2026,24488.05,11.7000,24500,26.9,599817,395570,9589169,44.95,414095,361973,4917606
10:50,10:49,NIFTY,07-Jul-2026,24488.05,11.7000,24550,11.3,364673,278680,4909512,79.55,91432,84993,1225184
10:50,10:49,NIFTY,07-Jul-2026,24488.05,11.7000,24600,4.7,373114,211105,3354300,123.65,76615,64506,804101
10:50,10:49,NIFTY,07-Jul-2026,24488.05,11.7000,24650,2,208665,91640,2145632,170.75,14660,13067,147855
10:50,10:49,NIFTY,07-Jul-2026,24488.05,11.7000,24700,1.2,200341,49713,1584010,219.25,17260,14725,111477
10:50,10:49,NIFTY,07-Jul-2026,24488.05,11.7000,24750,0.85,96536,41482,702940,269.4,2470,1798,15523
10:50,10:49,NIFTY,07-Jul-2026,24488.05,11.7000,24800,0.7,146070,52018,875550,318.75,3171,1498,17877
10:50,10:49,NIFTY,07-Jul-2026,24488.05,11.7000,24850,0.65,53263,17562,354635,365.4,697,357,1845
10:50,10:49,NIFTY,07-Jul-2026,24488.05,11.7000,24900,0.65,92018,42620,513512,420.05,1145,688,4062
10:50,10:49,NIFTY,07-Jul-2026,24488.05,11.7000,24950,0.6,54300,30523,373257,464.3,290,166,566
10:50,10:49,NIFTY,07-Jul-2026,24488.05,11.7000,25000,0.6,221128,91317,878239,520.2,3674,-461,4273
10:55,10:54,NIFTY,07-Jul-2026,24480.30,11.7200,24000,468.4,53148,-3137,20144,1.3,322323,72791,1320564
10:55,10:54,NIFTY,07-Jul-2026,24480.30,11.7200,24050,419.15,11977,-1268,5290,1.4,112360,26607,688294
10:55,10:54,NIFTY,07-Jul-2026,24480.30,11.7200,24100,368.55,16390,-2833,24685,1.6,239955,77626,1371933
10:55,10:54,NIFTY,07-Jul-2026,24480.30,11.7200,24150,319.5,8761,-368,19322,1.85,139126,42721,1050297
10:55,10:54,NIFTY,07-Jul-2026,24480.30,11.7200,24200,269.5,23392,-4214,130360,2.2,245222,93374,1832815
10:55,10:54,NIFTY,07-Jul-2026,24480.30,11.7200,24250,220.35,10796,1258,139389,3,190945,97223,1716535
10:55,10:54,NIFTY,07-Jul-2026,24480.30,11.7200,24300,172.25,44337,-1610,778273,4.7,400948,188246,3124074
10:55,10:54,NIFTY,07-Jul-2026,24480.30,11.7200,24350,124.95,51583,204,1130956,7.6,367819,203601,3687630
10:55,10:54,NIFTY,07-Jul-2026,24480.30,11.7200,24400,81.4,193777,31784,4098290,14.3,771785,559478,7264675
10:55,10:54,NIFTY,07-Jul-2026,24480.30,11.7200,24450,45.3,293824,164290,7097449,27.65,680235,604618,7288522
10:55,10:54,NIFTY,07-Jul-2026,24480.30,11.7200,24500,21.1,612154,407907,10013104,53.8,426272,374150,5220565
10:55,10:54,NIFTY,07-Jul-2026,24480.30,11.7200,24550,8.55,369718,283725,5140066,91.4,92253,85814,1305899
10:55,10:54,NIFTY,07-Jul-2026,24480.30,11.7200,24600,3.6,377089,215080,3474289,136.55,75123,63014,847561
10:55,10:54,NIFTY,07-Jul-2026,24480.30,11.7200,24650,1.65,210727,93702,2205954,184.55,14560,12967,154741
10:55,10:54,NIFTY,07-Jul-2026,24480.30,11.7200,24700,1.05,198693,48065,1616636,234.2,15843,13308,116040
10:55,10:54,NIFTY,07-Jul-2026,24480.30,11.7200,24750,0.8,97746,42692,720043,282.5,2400,1728,15993
10:55,10:54,NIFTY,07-Jul-2026,24480.30,11.7200,24800,0.7,148451,54399,884146,334.2,3070,1397,18394
10:55,10:54,NIFTY,07-Jul-2026,24480.30,11.7200,24850,0.65,54875,19174,357192,386.5,697,357,1881
10:55,10:54,NIFTY,07-Jul-2026,24480.30,11.7200,24900,0.65,91929,42531,519050,434.2,1140,683,4167
10:55,10:54,NIFTY,07-Jul-2026,24480.30,11.7200,24950,0.55,54197,30420,375165,484.2,289,165,583
10:55,10:54,NIFTY,07-Jul-2026,24480.30,11.7200,25000,0.6,222392,92581,898220,533.55,3681,-454,4374
11:00,10:59,NIFTY,07-Jul-2026,24481.00,11.7300,24000,470.15,53122,-3163,20414,1.2,322918,73386,1332273
11:00,10:59,NIFTY,07-Jul-2026,24481.00,11.7300,24050,421,11983,-1262,5348,1.4,111962,26209,694090
11:00,10:59,NIFTY,07-Jul-2026,24481.00,11.7300,24100,372,16399,-2824,25077,1.55,241497,79168,1389197
11:00,10:59,NIFTY,07-Jul-2026,24481.00,11.7300,24150,321.3,8800,-329,19532,1.75,139361,42956,1075275
11:00,10:59,NIFTY,07-Jul-2026,24481.00,11.7300,24200,272.3,23426,-4180,131912,2.2,247307,95459,1870553
11:00,10:59,NIFTY,07-Jul-2026,24481.00,11.7300,24250,223,10924,1386,141793,2.85,193622,99900,1758732
11:00,10:59,NIFTY,07-Jul-2026,24481.00,11.7300,24300,174.95,44943,-1004,790264,4.45,404304,191602,3204815
11:00,10:59,NIFTY,07-Jul-2026,24481.00,11.7300,24350,127.9,54939,3560,1153206,7.15,369875,205657,3797302
11:00,10:59,NIFTY,07-Jul-2026,24481.00,11.7300,24400,83.7,201636,39643,4176867,13.35,785373,573066,7477977
11:00,10:59,NIFTY,07-Jul-2026,24481.00,11.7300,24450,46.45,315722,186188,7267536,26,685221,609604,7550411
11:00,10:59,NIFTY,07-Jul-2026,24481.00,11.7300,24500,21.8,655262,451015,10291562,51.25,420510,368388,5408820
11:00,10:59,NIFTY,07-Jul-2026,24481.00,11.7300,24550,8.8,372555,286562,5300987,88.85,90801,84362,1352752
11:00,10:59,NIFTY,07-Jul-2026,24481.00,11.7300,24600,3.65,380586,218577,3542992,133.6,74207,62098,872759
11:00,10:59,NIFTY,07-Jul-2026,24481.00,11.7300,24650,1.6,208463,91438,2258418,181.65,14449,12856,158915
11:00,10:59,NIFTY,07-Jul-2026,24481.00,11.7300,24700,1,201370,50742,1642926,230.75,15576,13041,118773
11:00,10:59,NIFTY,07-Jul-2026,24481.00,11.7300,24750,0.7,97605,42551,730114,281.65,2432,1760,16506
11:00,10:59,NIFTY,07-Jul-2026,24481.00,11.7300,24800,0.7,148435,54383,894426,331.85,3099,1426,18658
11:00,10:59,NIFTY,07-Jul-2026,24481.00,11.7300,24850,0.6,56399,20698,362193,386.35,706,366,1897
11:00,10:59,NIFTY,07-Jul-2026,24481.00,11.7300,24900,0.6,95252,45854,535452,431,1131,674,4199
11:00,10:59,NIFTY,07-Jul-2026,24481.00,11.7300,24950,0.55,54674,30897,385394,484.85,287,163,587
11:00,10:59,NIFTY,07-Jul-2026,24481.00,11.7300,25000,0.5,222402,92591,914756,533.2,3659,-476,4454
11:05,11:04,NIFTY,07-Jul-2026,24494.25,11.7100,24000,485.2,53106,-3179,20684,1.5,322125,72593,1348773
11:05,11:04,NIFTY,07-Jul-2026,24494.25,11.7100,24050,434.6,11973,-1272,5374,1.6,117134,31381,712020
11:05,11:04,NIFTY,07-Jul-2026,24494.25,11.7100,24100,386.05,16309,-2914,25531,1.75,239502,77173,1411533
11:05,11:04,NIFTY,07-Jul-2026,24494.25,11.7100,24150,337,8174,-955,20811,1.95,139802,43397,1095404
11:05,11:04,NIFTY,07-Jul-2026,24494.25,11.7100,24200,287.95,23136,-4470,134757,2.3,246273,94425,1892937
11:05,11:04,NIFTY,07-Jul-2026,24494.25,11.7100,24250,238.65,10662,1124,145206,2.8,193580,99858,1789743
11:05,11:04,NIFTY,07-Jul-2026,24494.25,11.7100,24300,189.75,44167,-1780,807182,4.15,407414,194712,3280732
11:05,11:04,NIFTY,07-Jul-2026,24494.25,11.7100,24350,142,50594,-785,1186260,6.35,373397,209179,3893478
11:05,11:04,NIFTY,07-Jul-2026,24494.25,11.7100,24400,96.85,191846,29853,4296745,11.3,805779,593472,7708774
11:05,11:04,NIFTY,07-Jul-2026,24494.25,11.7100,24450,56.55,299309,169775,7530709,21,710955,635338,7872479
11:05,11:04,NIFTY,07-Jul-2026,24494.25,11.7100,24500,27.9,623908,419661,10778774,42.25,443850,391728,5685193
11:05,11:04,NIFTY,07-Jul-2026,24494.25,11.7100,24550,11.55,373349,287356,5531381,76,99544,93105,1421958
11:05,11:04,NIFTY,07-Jul-2026,24494.25,11.7100,24600,4.7,383116,221107,3656668,119.8,78739,66630,911114
11:05,11:04,NIFTY,07-Jul-2026,24494.25,11.7100,24650,1.95,207872,90847,2322619,167.15,14721,13128,166450
11:05,11:04,NIFTY,07-Jul-2026,24494.25,11.7100,24700,1.1,197819,47191,1676786,216.4,16078,13543,122594
11:05,11:04,NIFTY,07-Jul-2026,24494.25,11.7100,24750,0.75,98742,43688,743637,266.5,2669,1997,17228
11:05,11:04,NIFTY,07-Jul-2026,24494.25,11.7100,24800,0.75,148801,54749,929237,315.9,3195,1522,19291
11:05,11:04,NIFTY,07-Jul-2026,24494.25,11.7100,24850,0.6,56311,20610,370646,366.55,693,353,1938
11:05,11:04,NIFTY,07-Jul-2026,24494.25,11.7100,24900,0.6,94086,44688,560090,418.45,1150,693,4226
11:05,11:04,NIFTY,07-Jul-2026,24494.25,11.7100,24950,0.6,52925,29148,407276,468.75,292,168,598
11:05,11:04,NIFTY,07-Jul-2026,24494.25,11.7100,25000,0.5,222853,93042,929716,515.05,3653,-482,4508
11:10,11:09,NIFTY,07-Jul-2026,24503.10,11.7200,24000,494.8,53113,-3172,21481,1.65,326121,76589,1403763
11:10,11:09,NIFTY,07-Jul-2026,24503.10,11.7200,24050,443.3,11919,-1326,5496,1.7,119361,33608,733667
11:10,11:09,NIFTY,07-Jul-2026,24503.10,11.7200,24100,394.4,16293,-2930,26021,1.8,240640,78311,1449546
11:10,11:09,NIFTY,07-Jul-2026,24503.10,11.7200,24150,346.15,8307,-822,21505,1.95,139499,43094,1132230
11:10,11:09,NIFTY,07-Jul-2026,24503.10,11.7200,24200,294.45,22792,-4814,138476,2.3,239306,87458,1944150
11:10,11:09,NIFTY,07-Jul-2026,24503.10,11.7200,24250,244.25,10111,573,149026,2.8,194079,100357,1840829
11:10,11:09,NIFTY,07-Jul-2026,24503.10,11.7200,24300,195.85,43542,-2405,837440,4,407697,194995,3397498
11:10,11:09,NIFTY,07-Jul-2026,24503.10,11.7200,24350,148.25,46456,-4923,1226178,6.05,359418,195200,4056882
11:10,11:09,NIFTY,07-Jul-2026,24503.10,11.7200,24400,102.4,167017,5024,4454904,10.35,797631,585324,8036216
11:10,11:09,NIFTY,07-Jul-2026,24503.10,11.7200,24450,61.25,253966,124432,7867660,19.05,740764,665147,8264208
11:10,11:09,NIFTY,07-Jul-2026,24503.10,11.7200,24500,31.25,563416,359169,11493847,38.8,510981,458859,6075374
11:10,11:09,NIFTY,07-Jul-2026,24503.10,11.7200,24550,13.35,365644,279651,6037532,71.55,121293,114854,1538119
11:10,11:09,NIFTY,07-Jul-2026,24503.10,11.7200,24600,5.4,390655,228646,3942532,113.85,89791,77682,968700
11:10,11:09,NIFTY,07-Jul-2026,24503.10,11.7200,24650,2.2,211898,94873,2462215,160.55,16157,14564,176045
11:10,11:09,NIFTY,07-Jul-2026,24503.10,11.7200,24700,1.25,196036,45408,1761145,209.65,17184,14649,131002
11:10,11:09,NIFTY,07-Jul-2026,24503.10,11.7200,24750,0.8,98941,43887,790791,259,3048,2376,18620
11:10,11:09,NIFTY,07-Jul-2026,24503.10,11.7200,24800,0.7,148305,54253,983861,309.95,3605,1932,20691
11:10,11:09,NIFTY,07-Jul-2026,24503.10,11.7200,24850,0.6,56184,20483,385052,355,710,370,2038
11:10,11:09,NIFTY,07-Jul-2026,24503.10,11.7200,24900,0.55,98374,48976,583924,409.25,1125,668,4407
11:10,11:09,NIFTY,07-Jul-2026,24503.10,11.7200,24950,0.6,52626,28849,414730,460,296,172,615
11:10,11:09,NIFTY,07-Jul-2026,24503.10,11.7200,25000,0.55,222196,92385,975555,509.05,3669,-466,4693
11:15,11:14,NIFTY,07-Jul-2026,24512.95,11.7100,24000,508.4,53128,-3157,22080,1.85,324489,74957,1454043
11:15,11:14,NIFTY,07-Jul-2026,24512.95,11.7100,24050,459.2,11892,-1353,5703,1.9,119978,34225,750758
11:15,11:14,NIFTY,07-Jul-2026,24512.95,11.7100,24100,408.9,15995,-3228,26871,2.05,239713,77384,1491198
11:15,11:14,NIFTY,07-Jul-2026,24512.95,11.7100,24150,358.2,8279,-850,22472,2.2,144343,47938,1164213
11:15,11:14,NIFTY,07-Jul-2026,24512.95,11.7100,24200,308.65,22602,-5004,140888,2.55,241039,89191,2006692
11:15,11:14,NIFTY,07-Jul-2026,24512.95,11.7100,24250,259.55,9765,227,152251,3.05,194077,100355,1893908
11:15,11:14,NIFTY,07-Jul-2026,24512.95,11.7100,24300,210.95,40461,-5486,859448,4,406292,193590,3488503
11:15,11:14,NIFTY,07-Jul-2026,24512.95,11.7100,24350,161.7,40184,-11195,1257104,5.6,348546,184328,4173282
11:15,11:14,NIFTY,07-Jul-2026,24512.95,11.7100,24400,115.6,158320,-3673,4571594,9.25,785513,573206,8268137
11:15,11:14,NIFTY,07-Jul-2026,24512.95,11.7100,24450,72.75,226885,97351,8130065,16.15,747868,672251,8559724
11:15,11:14,NIFTY,07-Jul-2026,24512.95,11.7100,24500,39.35,494636,290389,12135739,32.5,568572,516450,6401025
11:15,11:14,NIFTY,07-Jul-2026,24512.95,11.7100,24550,18.2,352785,266792,6595409,61.75,140156,133717,1643758
11:15,11:14,NIFTY,07-Jul-2026,24512.95,11.7100,24600,7.75,379639,217630,4277073,102.15,104222,92113,1018195
11:15,11:14,NIFTY,07-Jul-2026,24512.95,11.7100,24650,3.1,207961,90936,2656240,146.95,17630,16037,184327
11:15,11:14,NIFTY,07-Jul-2026,24512.95,11.7100,24700,1.65,195529,44901,1960733,196,19263,16728,138642
11:15,11:14,NIFTY,07-Jul-2026,24512.95,11.7100,24750,0.9,97657,42603,845371,245.5,3391,2719,19936
11:15,11:14,NIFTY,07-Jul-2026,24512.95,11.7100,24800,0.75,146990,52938,1015356,294.35,4088,2415,21766
11:15,11:14,NIFTY,07-Jul-2026,24512.95,11.7100,24850,0.6,55439,19738,394895,343.75,741,401,2138
11:15,11:14,NIFTY,07-Jul-2026,24512.95,11.7100,24900,0.55,98333,48935,637833,394.1,1194,737,4552
11:15,11:14,NIFTY,07-Jul-2026,24512.95,11.7100,24950,0.5,51585,27808,426352,443.2,313,189,640
11:15,11:14,NIFTY,07-Jul-2026,24512.95,11.7100,25000,0.5,217986,88175,1044534,495.15,3673,-462,4953
11:20,11:18,NIFTY,07-Jul-2026,24504.90,11.7200,24000,496.7,53087,-3198,22353,1.7,326596,77064,1486738
11:20,11:18,NIFTY,07-Jul-2026,24504.90,11.7200,24050,449.4,11834,-1411,5856,1.75,119049,33296,769530
11:20,11:18,NIFTY,07-Jul-2026,24504.90,11.7200,24100,396,15964,-3259,27315,1.85,238447,76118,1522669
11:20,11:18,NIFTY,07-Jul-2026,24504.90,11.7200,24150,348.15,8180,-949,23153,2.1,145624,49219,1190771
11:20,11:18,NIFTY,07-Jul-2026,24504.90,11.7200,24200,297.75,22295,-5311,142758,2.4,239849,88001,2067900
11:20,11:18,NIFTY,07-Jul-2026,24504.90,11.7200,24250,248.35,9654,116,154289,2.85,190394,96672,1957781
11:20,11:18,NIFTY,07-Jul-2026,24504.90,11.7200,24300,199.4,40869,-5078,876431,3.95,406986,194284,3574920
11:20,11:18,NIFTY,07-Jul-2026,24504.90,11.7200,24350,151.35,38902,-12477,1273576,5.95,347595,183377,4264533
11:20,11:18,NIFTY,07-Jul-2026,24504.90,11.7200,24400,105.95,152276,-9717,4650219,10.15,789752,577445,8470982
11:20,11:18,NIFTY,07-Jul-2026,24504.90,11.7200,24450,63.85,224230,94696,8290763,18,748770,673153,8798436
11:20,11:18,NIFTY,07-Jul-2026,24504.90,11.7200,24500,32.6,505417,301170,12574088,36.65,612922,560800,6706590
11:20,11:18,NIFTY,07-Jul-2026,24504.90,11.7200,24550,14.35,379365,293372,7044615,68.6,143396,136957,1738446
11:20,11:18,NIFTY,07-Jul-2026,24504.90,11.7200,24600,5.95,399896,237887,4570276,110.8,109501,97392,1068943
11:20,11:18,NIFTY,07-Jul-2026,24504.90,11.7200,24650,2.45,214122,97097,2819817,157.05,18140,16547,192194
11:20,11:18,NIFTY,07-Jul-2026,24504.90,11.7200,24700,1.3,196862,46234,2164727,207.4,19541,17006,145348
11:20,11:18,NIFTY,07-Jul-2026,24504.90,11.7200,24750,0.75,95798,40744,893401,255.45,3486,2814,21336
11:20,11:18,NIFTY,07-Jul-2026,24504.90,11.7200,24800,0.7,147142,53090,1071455,305.95,4067,2394,23664
11:20,11:18,NIFTY,07-Jul-2026,24504.90,11.7200,24850,0.6,53925,18224,404312,355.4,772,432,2201
11:20,11:18,NIFTY,07-Jul-2026,24504.90,11.7200,24900,0.5,93325,43927,682523,404.8,1224,767,4623
11:20,11:18,NIFTY,07-Jul-2026,24504.90,11.7200,24950,0.55,53221,29444,430751,453.2,335,211,669
11:20,11:18,NIFTY,07-Jul-2026,24504.90,11.7200,25000,0.5,211941,82130,1089587,505.8,3705,-430,5122
11:25,11:24,NIFTY,07-Jul-2026,24510.70,11.7700,24000,505,53144,-3141,22712,1.75,330548,81016,1521096
11:25,11:24,NIFTY,07-Jul-2026,24510.70,11.7700,24050,455.3,11806,-1439,5977,1.8,120341,34588,788412
11:25,11:24,NIFTY,07-Jul-2026,24510.70,11.7700,24100,403,15928,-3295,27665,1.9,242155,79826,1559845
11:25,11:24,NIFTY,07-Jul-2026,24510.70,11.7700,24150,356.1,8213,-916,23743,2.15,149717,53312,1214375
11:25,11:24,NIFTY,07-Jul-2026,24510.70,11.7700,24200,303.05,22126,-5480,145383,2.45,237742,85894,2108740
11:25,11:24,NIFTY,07-Jul-2026,24510.70,11.7700,24250,254.4,9332,-206,157325,2.9,189467,95745,2006472
11:25,11:24,NIFTY,07-Jul-2026,24510.70,11.7700,24300,205.1,39319,-6628,897241,3.8,403707,191005,3662901
11:25,11:24,NIFTY,07-Jul-2026,24510.70,11.7700,24350,156.3,36613,-14766,1294970,5.55,345282,181064,4369456
11:25,11:24,NIFTY,07-Jul-2026,24510.70,11.7700,24400,109.8,147978,-14015,4744415,9.45,785977,573670,8721040
11:25,11:24,NIFTY,07-Jul-2026,24510.70,11.7700,24450,67.1,218783,89249,8475592,16.25,766012,690395,9113518
11:25,11:24,NIFTY,07-Jul-2026,24510.70,11.7700,24500,35.1,513010,308763,13057842,33.6,644698,592576,7074294
11:25,11:24,NIFTY,07-Jul-2026,24510.70,11.7700,24550,15.5,382472,296479,7520353,64.45,155675,149236,1847543
11:25,11:24,NIFTY,07-Jul-2026,24510.70,11.7700,24600,6.35,421284,259275,4848521,105.95,114923,102814,1128436
11:25,11:24,NIFTY,07-Jul-2026,24510.70,11.7700,24650,2.7,213689,96664,2971610,152.45,19887,18294,201353
11:25,11:24,NIFTY,07-Jul-2026,24510.70,11.7700,24700,1.4,204845,54217,2294059,201.35,22165,19630,154825
11:25,11:24,NIFTY,07-Jul-2026,24510.70,11.7700,24750,0.85,94959,39905,921780,250.2,3592,2920,22360
11:25,11:24,NIFTY,07-Jul-2026,24510.70,11.7700,24800,0.7,145941,51889,1115919,300,4382,2709,24476
11:25,11:24,NIFTY,07-Jul-2026,24510.70,11.7700,24850,0.65,53594,17893,406373,350.45,775,435,2319
11:25,11:24,NIFTY,07-Jul-2026,24510.70,11.7700,24900,0.55,87151,37753,713822,399.4,1234,777,4708
11:25,11:24,NIFTY,07-Jul-2026,24510.70,11.7700,24950,0.5,52970,29193,431773,446.95,376,252,720
11:25,11:24,NIFTY,07-Jul-2026,24510.70,11.7700,25000,0.5,217581,87770,1112955,497.25,3668,-467,5360
11:30,11:28,NIFTY,07-Jul-2026,24519.00,11.7500,24000,508,53254,-3031,23136,1.85,333944,84412,1554971
11:30,11:28,NIFTY,07-Jul-2026,24519.00,11.7500,24050,459.4,11803,-1442,6018,1.95,117615,31862,810200
11:30,11:28,NIFTY,07-Jul-2026,24519.00,11.7500,24100,409.55,15630,-3593,28405,2,241761,79432,1595040
11:30,11:28,NIFTY,07-Jul-2026,24519.00,11.7500,24150,358.4,8102,-1027,24173,2.2,151051,54646,1247490
11:30,11:28,NIFTY,07-Jul-2026,24519.00,11.7500,24200,310.2,22087,-5519,147247,2.5,237493,85645,2151964
11:30,11:28,NIFTY,07-Jul-2026,24519.00,11.7500,24250,260.9,9125,-413,159758,2.95,193337,99615,2057158
11:30,11:28,NIFTY,07-Jul-2026,24519.00,11.7500,24300,210.8,38615,-7332,910575,3.85,397684,184982,3720235
11:30,11:28,NIFTY,07-Jul-2026,24519.00,11.7500,24350,162.05,35575,-15804,1311385,5.45,342131,177913,4441906
11:30,11:28,NIFTY,07-Jul-2026,24519.00,11.7500,24400,116.25,142697,-19296,4841259,9.05,785382,573075,8912459
11:30,11:28,NIFTY,07-Jul-2026,24519.00,11.7500,24450,72.5,198457,68923,8643087,15.15,769774,694157,9328236
11:30,11:28,NIFTY,07-Jul-2026,24519.00,11.7500,24500,37.95,480861,276614,13529183,30.9,686250,634128,7379142
11:30,11:28,NIFTY,07-Jul-2026,24519.00,11.7500,24550,17.15,364135,278142,7995339,60.1,171454,165015,1963672
11:30,11:28,NIFTY,07-Jul-2026,24519.00,11.7500,24600,7.2,425368,263359,5157810,100.45,127715,115606,1191638
11:30,11:28,NIFTY,07-Jul-2026,24519.00,11.7500,24650,2.95,212399,95374,3100806,146.1,21253,19660,211525
11:30,11:28,NIFTY,07-Jul-2026,24519.00,11.7500,24700,1.55,206000,55372,2480649,195.35,24090,21555,162239
11:30,11:28,NIFTY,07-Jul-2026,24519.00,11.7500,24750,0.9,97060,42006,955338,243.75,3914,3242,23389
11:30,11:28,NIFTY,07-Jul-2026,24519.00,11.7500,24800,0.7,145846,51794,1167072,294,4881,3208,25721
11:30,11:28,NIFTY,07-Jul-2026,24519.00,11.7500,24850,0.65,53117,17416,426395,344.45,837,497,2455
11:30,11:28,NIFTY,07-Jul-2026,24519.00,11.7500,24900,0.5,87070,37672,755444,394,1144,687,5465
11:30,11:28,NIFTY,07-Jul-2026,24519.00,11.7500,24950,0.55,53540,29763,434378,444.4,384,260,730
11:30,11:28,NIFTY,07-Jul-2026,24519.00,11.7500,25000,0.45,214139,84328,1133396,495.5,3707,-428,5492
11:35,11:34,NIFTY,07-Jul-2026,24515.95,11.7700,24000,505.6,53131,-3154,23497,1.9,337111,87579,1598274
11:35,11:34,NIFTY,07-Jul-2026,24515.95,11.7700,24050,457.25,11819,-1426,6061,1.95,118051,32298,824959
11:35,11:34,NIFTY,07-Jul-2026,24515.95,11.7700,24100,407.4,15699,-3524,28926,2,244437,82108,1627769
11:35,11:34,NIFTY,07-Jul-2026,24515.95,11.7700,24150,358.5,8127,-1002,24454,2.2,152229,55824,1266591
11:35,11:34,NIFTY,07-Jul-2026,24515.95,11.7700,24200,307,21956,-5650,148413,2.5,242997,91149,2191189
11:35,11:34,NIFTY,07-Jul-2026,24515.95,11.7700,24250,257.7,9181,-357,161119,2.9,194014,100292,2095018
11:35,11:34,NIFTY,07-Jul-2026,24515.95,11.7700,24300,208.75,38820,-7127,919571,3.8,395540,182838,3763523
11:35,11:34,NIFTY,07-Jul-2026,24515.95,11.7700,24350,160,34819,-16560,1322029,5.45,339895,175677,4499908
11:35,11:34,NIFTY,07-Jul-2026,24515.95,11.7700,24400,113.8,142636,-19357,4893946,9,776635,564328,9054038
11:35,11:34,NIFTY,07-Jul-2026,24515.95,11.7700,24450,70.2,197207,67673,8746746,15.3,781166,705549,9492455
11:35,11:34,NIFTY,07-Jul-2026,24515.95,11.7700,24500,36,488576,284329,13838831,31.4,727212,675090,7620947
11:35,11:34,NIFTY,07-Jul-2026,24515.95,11.7700,24550,16,385460,299467,8324295,61,186227,179788,2046882
11:35,11:34,NIFTY,07-Jul-2026,24515.95,11.7700,24600,6.4,438066,276057,5359651,102.25,135388,123279,1230610
11:35,11:34,NIFTY,07-Jul-2026,24515.95,11.7700,24650,2.65,218756,101731,3195217,148.35,22616,21023,218307
11:35,11:34,NIFTY,07-Jul-2026,24515.95,11.7700,24700,1.5,206288,55660,2612761,197.7,25723,23188,167360
11:35,11:34,NIFTY,07-Jul-2026,24515.95,11.7700,24750,0.9,97027,41973,987983,246.95,3979,3307,24231
11:35,11:34,NIFTY,07-Jul-2026,24515.95,11.7700,24800,0.7,143786,49734,1194045,296,6012,4339,27419
11:35,11:34,NIFTY,07-Jul-2026,24515.95,11.7700,24850,0.6,52831,17130,428395,345,895,555,2609
11:35,11:34,NIFTY,07-Jul-2026,24515.95,11.7700,24900,0.6,87585,38187,782159,395,1237,780,5701
11:35,11:34,NIFTY,07-Jul-2026,24515.95,11.7700,24950,0.5,53821,30044,435836,445,402,278,755
11:35,11:34,NIFTY,07-Jul-2026,24515.95,11.7700,25000,0.55,207453,77642,1171451,495.05,3732,-403,5632
11:40,11:38,NIFTY,07-Jul-2026,24511.90,11.7800,24000,507.45,53026,-3259,23735,1.75,339262,89730,1619005
11:40,11:38,NIFTY,07-Jul-2026,24511.90,11.7800,24050,458.45,11826,-1419,6092,1.8,117332,31579,832295
11:40,11:38,NIFTY,07-Jul-2026,24511.90,11.7800,24100,409,15603,-3620,29118,1.95,243383,81054,1642689
11:40,11:38,NIFTY,07-Jul-2026,24511.90,11.7800,24150,358.25,8166,-963,24714,2.1,153414,57009,1274409
11:40,11:38,NIFTY,07-Jul-2026,24511.90,11.7800,24200,308,21785,-5821,149395,2.4,245638,93790,2204392
11:40,11:38,NIFTY,07-Jul-2026,24511.90,11.7800,24250,259.35,9232,-306,162715,2.75,192992,99270,2111129
11:40,11:38,NIFTY,07-Jul-2026,24511.90,11.7800,24300,210.25,39385,-6562,929354,3.6,391182,178480,3792400
11:40,11:38,NIFTY,07-Jul-2026,24511.90,11.7800,24350,162,35172,-16207,1329959,5.2,343704,179486,4540870
11:40,11:38,NIFTY,07-Jul-2026,24511.90,11.7800,24400,115,142726,-19267,4935183,8.6,787785,575478,9174104
11:40,11:38,NIFTY,07-Jul-2026,24511.90,11.7800,24450,71.5,198620,69086,8825442,14.8,781493,705876,9641707
11:40,11:38,NIFTY,07-Jul-2026,24511.90,11.7800,24500,37.2,496657,292410,14069307,30.6,741712,689590,7838978
11:40,11:38,NIFTY,07-Jul-2026,24511.90,11.7800,24550,16.25,413198,327205,8573018,60.05,187019,180580,2127550
11:40,11:38,NIFTY,07-Jul-2026,24511.90,11.7800,24600,6.55,443187,281178,5523270,101.15,136102,123993,1271889
11:40,11:38,NIFTY,07-Jul-2026,24511.90,11.7800,24650,2.65,220121,103096,3271119,147.1,22515,20922,223509
11:40,11:38,NIFTY,07-Jul-2026,24511.90,11.7800,24700,1.55,206720,56092,2679958,196.25,25234,22699,171910
11:40,11:38,NIFTY,07-Jul-2026,24511.90,11.7800,24750,0.9,98582,43528,1001173,245.35,4027,3355,25094
11:40,11:38,NIFTY,07-Jul-2026,24511.90,11.7800,24800,0.7,143330,49278,1199837,295.15,5952,4279,28048
11:40,11:38,NIFTY,07-Jul-2026,24511.90,11.7800,24850,0.65,52915,17214,430075,344.35,917,577,2674
11:40,11:38,NIFTY,07-Jul-2026,24511.90,11.7800,24900,0.55,87083,37685,788517,395,1234,777,5765
11:40,11:38,NIFTY,07-Jul-2026,24511.90,11.7800,24950,0.5,54000,30223,436435,443.35,410,286,769
11:40,11:38,NIFTY,07-Jul-2026,24511.90,11.7800,25000,0.5,207165,77354,1180114,494.25,3695,-440,5723
11:45,11:44,NIFTY,07-Jul-2026,24512.45,11.7400,24000,501.9,53011,-3274,23886,1.7,338554,89022,1642757
11:45,11:44,NIFTY,07-Jul-2026,24512.45,11.7400,24050,455.3,11828,-1417,6103,1.75,118386,32633,846792
11:45,11:44,NIFTY,07-Jul-2026,24512.45,11.7400,24100,404.9,15579,-3644,29207,1.95,247643,85314,1660555
11:45,11:44,NIFTY,07-Jul-2026,24512.45,11.7400,24150,353.2,8140,-989,24951,2.05,153658,57253,1287173
11:45,11:44,NIFTY,07-Jul-2026,24512.45,11.7400,24200,303.6,21761,-5845,150310,2.3,245815,93967,2221653
11:45,11:44,NIFTY,07-Jul-2026,24512.45,11.7400,24250,253.35,9242,-296,164644,2.7,194182,100460,2127103
11:45,11:44,NIFTY,07-Jul-2026,24512.45,11.7400,24300,204.85,39629,-6318,936514,3.65,381513,168811,3856416
11:45,11:44,NIFTY,07-Jul-2026,24512.45,11.7400,24350,156.5,35415,-15964,1341142,5.2,337261,173043,4605218
11:45,11:44,NIFTY,07-Jul-2026,24512.45,11.7400,24400,110.1,144175,-17818,4982370,8.85,790447,578140,9297289
11:45,11:44,NIFTY,07-Jul-2026,24512.45,11.7400,24450,66.75,202995,73461,8908999,15.35,782903,707286,9804645
11:45,11:44,NIFTY,07-Jul-2026,24512.45,11.7400,24500,33.5,507762,303515,14304441,32.25,756398,704276,8075226
11:45,11:44,NIFTY,07-Jul-2026,24512.45,11.7400,24550,14.15,423052,337059,8841325,63,186160,179721,2206346
11:45,11:44,NIFTY,07-Jul-2026,24512.45,11.7400,24600,5.5,453053,291044,5685609,105,133555,121446,1311532
11:45,11:44,NIFTY,07-Jul-2026,24512.45,11.7400,24650,2.2,219698,102673,3359586,152.25,21546,19953,231045
11:45,11:44,NIFTY,07-Jul-2026,24512.45,11.7400,24700,1.35,207333,56705,2743395,201.15,25310,22775,175791
11:45,11:44,NIFTY,07-Jul-2026,24512.45,11.7400,24750,0.9,100388,45334,1014134,249.6,3998,3326,26044
11:45,11:44,NIFTY,07-Jul-2026,24512.45,11.7400,24800,0.75,145022,50970,1228953,299.7,6010,4337,28511
11:45,11:44,NIFTY,07-Jul-2026,24512.45,11.7400,24850,0.65,52245,16544,432004,347.7,924,584,2740
11:45,11:44,NIFTY,07-Jul-2026,24512.45,11.7400,24900,0.6,85290,35892,797718,399.5,1281,824,5830
11:45,11:44,NIFTY,07-Jul-2026,24512.45,11.7400,24950,0.5,53994,30217,442865,449.65,422,298,782
11:45,11:44,NIFTY,07-Jul-2026,24512.45,11.7400,25000,0.55,206934,77123,1188913,496.95,3696,-439,5763
11:50,11:48,NIFTY,07-Jul-2026,24505.80,11.7500,24000,501.05,52950,-3335,24074,1.5,338231,88699,1662339
11:50,11:48,NIFTY,07-Jul-2026,24505.80,11.7500,24050,451.85,11822,-1423,6114,1.55,119673,33920,855702
11:50,11:48,NIFTY,07-Jul-2026,24505.80,11.7500,24100,402,15575,-3648,29276,1.7,249680,87351,1676695
11:50,11:48,NIFTY,07-Jul-2026,24505.80,11.7500,24150,352.4,8131,-998,25080,1.85,152934,56529,1299194
11:50,11:48,NIFTY,07-Jul-2026,24505.80,11.7500,24200,302.95,21706,-5900,151039,2.15,247530,95682,2235992
11:50,11:48,NIFTY,07-Jul-2026,24505.80,11.7500,24250,252.45,9135,-403,165538,2.55,195463,101741,2141627
11:50,11:48,NIFTY,07-Jul-2026,24505.80,11.7500,24300,203.65,39897,-6050,944080,3.4,380086,167384,3890967
11:50,11:48,NIFTY,07-Jul-2026,24505.80,11.7500,24350,155.5,35288,-16091,1346950,5.1,337085,172867,4656681
11:50,11:48,NIFTY,07-Jul-2026,24505.80,11.7500,24400,109,143203,-18790,5016313,8.85,787721,575414,9397857
11:50,11:48,NIFTY,07-Jul-2026,24505.80,11.7500,24450,66.1,202162,72628,8980879,15.7,777886,702269,9944819
11:50,11:48,NIFTY,07-Jul-2026,24505.80,11.7500,24500,32.9,510562,306315,14525874,32.65,763315,711193,8289945
11:50,11:48,NIFTY,07-Jul-2026,24505.80,11.7500,24550,13.65,430574,344581,9081075,63.75,187953,181514,2275507
11:50,11:48,NIFTY,07-Jul-2026,24505.80,11.7500,24600,5.25,453644,291635,5831333,105.8,134530,122421,1346486
11:50,11:48,NIFTY,07-Jul-2026,24505.80,11.7500,24650,2.15,219917,102892,3422414,152.35,22620,21027,239989
11:50,11:48,NIFTY,07-Jul-2026,24505.80,11.7500,24700,1.35,209620,58992,2785763,201.3,25762,23227,179418
11:50,11:48,NIFTY,07-Jul-2026,24505.80,11.7500,24750,0.85,101121,46067,1027626,250.2,3989,3317,27244
11:50,11:48,NIFTY,07-Jul-2026,24505.80,11.7500,24800,0.75,144231,50179,1236717,300.3,6007,4334,28963
11:50,11:48,NIFTY,07-Jul-2026,24505.80,11.7500,24850,0.6,52000,16299,434207,349.45,901,561,2830
11:50,11:48,NIFTY,07-Jul-2026,24505.80,11.7500,24900,0.55,84438,35040,803600,400,1287,830,5859
11:50,11:48,NIFTY,07-Jul-2026,24505.80,11.7500,24950,0.55,54176,30399,443456,451.4,424,300,790
11:50,11:48,NIFTY,07-Jul-2026,24505.80,11.7500,25000,0.5,210559,80748,1203947,498.8,3688,-447,5820
11:55,11:53,NIFTY,07-Jul-2026,24516.40,11.7500,24000,506.5,52938,-3347,24399,1.4,336925,87393,1686347
11:55,11:53,NIFTY,07-Jul-2026,24516.40,11.7500,24050,457.35,11786,-1459,6179,1.45,119133,33380,866743
11:55,11:53,NIFTY,07-Jul-2026,24516.40,11.7500,24100,407.25,15531,-3692,29545,1.6,249190,86861,1692993
11:55,11:53,NIFTY,07-Jul-2026,24516.40,11.7500,24150,356.85,8045,-1084,25311,1.7,153157,56752,1313996
11:55,11:53,NIFTY,07-Jul-2026,24516.40,11.7500,24200,306.4,21698,-5908,152313,1.85,248669,96821,2269660
11:55,11:53,NIFTY,07-Jul-2026,24516.40,11.7500,24250,256.8,9116,-422,168558,2.1,193019,99297,2181008
11:55,11:53,NIFTY,07-Jul-2026,24516.40,11.7500,24300,208.6,39124,-6823,952486,2.7,369672,156970,3975372
11:55,11:53,NIFTY,07-Jul-2026,24516.40,11.7500,24350,159.2,35028,-16351,1356181,4,327051,162833,4760366
11:55,11:53,NIFTY,07-Jul-2026,24516.40,11.7500,24400,112.55,145006,-16987,5058620,7,772542,560235,9629525
11:55,11:53,NIFTY,07-Jul-2026,24516.40,11.7500,24450,68.95,203077,73543,9066487,12.95,781800,706183,10178962
11:55,11:53,NIFTY,07-Jul-2026,24516.40,11.7500,24500,34.7,534205,329958,14794766,29.2,769034,716912,8554571
11:55,11:53,NIFTY,07-Jul-2026,24516.40,11.7500,24550,14.75,449155,363162,9347683,59.5,188996,182557,2354939
11:55,11:53,NIFTY,07-Jul-2026,24516.40,11.7500,24600,5.75,463065,301056,6007537,100.6,133032,120923,1381615
11:55,11:53,NIFTY,07-Jul-2026,24516.40,11.7500,24650,2.4,222299,105274,3504713,147,21680,20087,247758
11:55,11:53,NIFTY,07-Jul-2026,24516.40,11.7500,24700,1.4,210306,59678,2825311,196.9,24966,22431,183335
11:55,11:53,NIFTY,07-Jul-2026,24516.40,11.7500,24750,0.85,101682,46628,1043872,247,3707,3035,28028
11:55,11:53,NIFTY,07-Jul-2026,24516.40,11.7500,24800,0.7,143890,49838,1241950,295.45,6131,4458,29535
11:55,11:53,NIFTY,07-Jul-2026,24516.40,11.7500,24850,0.6,52316,16615,435972,347,913,573,2940
11:55,11:53,NIFTY,07-Jul-2026,24516.40,11.7500,24900,0.55,84440,35042,809021,395.2,1332,875,5948
11:55,11:53,NIFTY,07-Jul-2026,24516.40,11.7500,24950,0.55,54355,30578,443904,448.05,433,309,818
11:55,11:53,NIFTY,07-Jul-2026,24516.40,11.7500,25000,0.55,211630,81819,1212770,494.2,3687,-448,5964
12:00,11:59,NIFTY,07-Jul-2026,24524.45,11.7500,24000,514.5,52917,-3368,24975,1.65,338669,89137,1728002
12:00,11:59,NIFTY,07-Jul-2026,24524.45,11.7500,24050,466.7,11785,-1460,6222,1.7,116021,30268,889388
12:00,11:59,NIFTY,07-Jul-2026,24524.45,11.7500,24100,412.8,15528,-3695,29915,1.85,248663,86334,1734413
12:00,11:59,NIFTY,07-Jul-2026,24524.45,11.7500,24150,367,8011,-1118,25686,1.95,151955,55550,1347437
12:00,11:59,NIFTY,07-Jul-2026,24524.45,11.7500,24200,315,21562,-6044,154014,2.05,245561,93713,2313418
12:00,11:59,NIFTY,07-Jul-2026,24524.45,11.7500,24250,265.7,9004,-534,170522,2.25,185210,91488,2217067
12:00,11:59,NIFTY,07-Jul-2026,24524.45,11.7500,24300,215.7,37078,-8869,966432,2.8,357539,144837,4048517
12:00,11:59,NIFTY,07-Jul-2026,24524.45,11.7500,24350,167.95,33554,-17825,1372956,3.85,315708,151490,4860124
12:00,11:59,NIFTY,07-Jul-2026,24524.45,11.7500,24400,120.05,142354,-19639,5142511,6.6,754518,542211,9876123
12:00,11:59,NIFTY,07-Jul-2026,24524.45,11.7500,24450,75.75,195843,66309,9223185,11.5,782516,706899,10476542
12:00,11:59,NIFTY,07-Jul-2026,24524.45,11.7500,24500,39.1,528030,323783,15262674,25.65,809806,757684,8992918
12:00,11:59,NIFTY,07-Jul-2026,24524.45,11.7500,24550,16.95,455834,369841,9857286,53.5,209442,203003,2518547
12:00,11:59,NIFTY,07-Jul-2026,24524.45,11.7500,24600,6.75,480539,318530,6303675,93.75,140133,128024,1459499
12:00,11:59,NIFTY,07-Jul-2026,24524.45,11.7500,24650,2.75,225207,108182,3613239,139.7,24292,22699,262224
12:00,11:59,NIFTY,07-Jul-2026,24524.45,11.7500,24700,1.55,211371,60743,2918731,188.85,25732,23197,191220
12:00,11:59,NIFTY,07-Jul-2026,24524.45,11.7500,24750,1,100629,45575,1078032,239,4092,3420,29342
12:00,11:59,NIFTY,07-Jul-2026,24524.45,11.7500,24800,0.7,145107,51055,1262883,288.35,5942,4269,30847
12:00,11:59,NIFTY,07-Jul-2026,24524.45,11.7500,24850,0.65,51756,16055,453394,335.5,907,567,3017
12:00,11:59,NIFTY,07-Jul-2026,24524.45,11.7500,24900,0.6,84553,35155,821946,387,1334,877,6017
12:00,11:59,NIFTY,07-Jul-2026,24524.45,11.7500,24950,0.6,52613,28836,470738,438.05,433,309,831
12:00,11:59,NIFTY,07-Jul-2026,24524.45,11.7500,25000,0.5,205732,75921,1227319,487.75,3678,-457,6091
12:05,12:03,NIFTY,07-Jul-2026,24521.10,11.7500,24000,513.45,53016,-3269,25369,1.55,339915,90383,1754993
12:05,12:03,NIFTY,07-Jul-2026,24521.10,11.7500,24050,460.5,11781,-1464,6238,1.6,115773,30020,902208
12:05,12:03,NIFTY,07-Jul-2026,24521.10,11.7500,24100,414.1,15524,-3699,30163,1.7,252689,90360,1763339
12:05,12:03,NIFTY,07-Jul-2026,24521.10,11.7500,24150,363.4,7984,-1145,25903,1.85,152649,56244,1375876
12:05,12:03,NIFTY,07-Jul-2026,24521.10,11.7500,24200,313.4,21536,-6070,155181,2.05,243114,91266,2353169
12:05,12:03,NIFTY,07-Jul-2026,24521.10,11.7500,24250,264.05,8874,-664,171686,2.2,182932,89210,2242695
12:05,12:03,NIFTY,07-Jul-2026,24521.10,11.7500,24300,214.55,36514,-9433,977547,2.65,350799,138097,4095746
12:05,12:03,NIFTY,07-Jul-2026,24521.10,11.7500,24350,165.15,32133,-19246,1383207,3.85,317278,153060,4919559
12:05,12:03,NIFTY,07-Jul-2026,24521.10,11.7500,24400,118.3,138988,-23005,5198049,6.5,751396,539089,10025440
12:05,12:03,NIFTY,07-Jul-2026,24521.10,11.7500,24450,73.15,187373,57839,9330142,11.6,786959,711342,10662244
12:05,12:03,NIFTY,07-Jul-2026,24521.10,11.7500,24500,37.4,506666,302419,15596085,25.45,848849,796727,9323382
12:05,12:03,NIFTY,07-Jul-2026,24521.10,11.7500,24550,15.5,453185,367192,10245184,53.9,223698,217259,2638539
12:05,12:03,NIFTY,07-Jul-2026,24521.10,11.7500,24600,5.9,481747,319738,6521255,95.05,145923,133814,1518847
12:05,12:03,NIFTY,07-Jul-2026,24521.10,11.7500,24650,2.4,230108,113083,3689584,141.5,25533,23940,270757
12:05,12:03,NIFTY,07-Jul-2026,24521.10,11.7500,24700,1.4,212347,61719,2984802,191,27191,24656,196451
12:05,12:03,NIFTY,07-Jul-2026,24521.10,11.7500,24750,0.9,103623,48569,1109980,239.55,4245,3573,30324
12:05,12:03,NIFTY,07-Jul-2026,24521.10,11.7500,24800,0.7,145353,51301,1271741,289.4,7118,5445,32532
12:05,12:03,NIFTY,07-Jul-2026,24521.10,11.7500,24850,0.6,51885,16184,468906,338.85,913,573,3118
12:05,12:03,NIFTY,07-Jul-2026,24521.10,11.7500,24900,0.55,83563,34165,828959,390.25,1354,897,6072
12:05,12:03,NIFTY,07-Jul-2026,24521.10,11.7500,24950,0.5,52660,28883,487692,440.6,436,312,852
12:05,12:03,NIFTY,07-Jul-2026,24521.10,11.7500,25000,0.55,207093,77282,1235005,489,3652,-483,6238
12:10,12:09,NIFTY,07-Jul-2026,24522.05,11.7500,24000,511.4,53008,-3277,25511,1.45,343273,93741,1778438
12:10,12:09,NIFTY,07-Jul-2026,24522.05,11.7500,24050,462.2,11774,-1471,6269,1.6,115006,29253,911272
12:10,12:09,NIFTY,07-Jul-2026,24522.05,11.7500,24100,412.25,15495,-3728,30285,1.65,250155,87826,1800024
12:10,12:09,NIFTY,07-Jul-2026,24522.05,11.7500,24150,363.35,7974,-1155,26131,1.8,151459,55054,1391978
12:10,12:09,NIFTY,07-Jul-2026,24522.05,11.7500,24200,313.05,21391,-6215,156175,2,244717,92869,2374032
12:10,12:09,NIFTY,07-Jul-2026,24522.05,11.7500,24250,263.95,8822,-716,172864,2.25,183548,89826,2262771
12:10,12:09,NIFTY,07-Jul-2026,24522.05,11.7500,24300,214.25,36981,-8966,985598,2.75,346806,134104,4123435
12:10,12:09,NIFTY,07-Jul-2026,24522.05,11.7500,24350,165.25,31925,-19454,1389776,3.9,317929,153711,4964822
12:10,12:09,NIFTY,07-Jul-2026,24522.05,11.7500,24400,117.95,139650,-22343,5232078,6.6,756312,544005,10117350
12:10,12:09,NIFTY,07-Jul-2026,24522.05,11.7500,24450,73.5,188665,59131,9406067,11.7,800035,724418,10797603
12:10,12:09,NIFTY,07-Jul-2026,24522.05,11.7500,24500,37.2,500299,296052,15848623,25.75,881037,828915,9562954
12:10,12:09,NIFTY,07-Jul-2026,24522.05,11.7500,24550,15.6,466754,380761,10519125,54,234646,228207,2728202
12:10,12:09,NIFTY,07-Jul-2026,24522.05,11.7500,24600,5.9,490386,328377,6690164,95.4,154088,141979,1560910
12:10,12:09,NIFTY,07-Jul-2026,24522.05,11.7500,24650,2.4,225624,108599,3756070,141.75,26138,24545,277385
12:10,12:09,NIFTY,07-Jul-2026,24522.05,11.7500,24700,1.4,214840,64212,3072744,190.9,27720,25185,199757
12:10,12:09,NIFTY,07-Jul-2026,24522.05,11.7500,24750,0.95,101181,46127,1122145,240.45,4267,3595,30909
12:10,12:09,NIFTY,07-Jul-2026,24522.05,11.7500,24800,0.7,147706,53654,1277559,289.95,7348,5675,33042
12:10,12:09,NIFTY,07-Jul-2026,24522.05,11.7500,24850,0.65,52087,16386,470452,343.45,904,564,3152
12:10,12:09,NIFTY,07-Jul-2026,24522.05,11.7500,24900,0.6,83564,34166,831090,390.3,1349,892,6099
12:10,12:09,NIFTY,07-Jul-2026,24522.05,11.7500,24950,0.55,52567,28790,491085,439.7,436,312,858
12:10,12:09,NIFTY,07-Jul-2026,24522.05,11.7500,25000,0.55,207905,78094,1239376,489.6,3541,-594,6415
12:15,12:13,NIFTY,07-Jul-2026,24502.80,11.7100,24000,494.25,52779,-3506,25966,1.35,341661,92129,1804672
12:15,12:13,NIFTY,07-Jul-2026,24502.80,11.7100,24050,444.35,11772,-1473,6280,1.5,115140,29387,916567
12:15,12:13,NIFTY,07-Jul-2026,24502.80,11.7100,24100,396.2,15472,-3751,30526,1.55,249732,87403,1825463
12:15,12:13,NIFTY,07-Jul-2026,24502.80,11.7100,24150,345.25,7961,-1168,26402,1.75,153318,56913,1405345
12:15,12:13,NIFTY,07-Jul-2026,24502.80,11.7100,24200,294.6,21132,-6474,157423,1.95,246885,95037,2396576
12:15,12:13,NIFTY,07-Jul-2026,24502.80,11.7100,24250,244.7,8721,-817,174169,2.35,183460,89738,2281299
12:15,12:13,NIFTY,07-Jul-2026,24502.80,11.7100,24300,196.4,38288,-7659,997935,3.05,349569,136867,4161585
12:15,12:13,NIFTY,07-Jul-2026,24502.80,11.7100,24350,147.35,31731,-19648,1402541,4.5,320616,156398,5030382
12:15,12:13,NIFTY,07-Jul-2026,24502.80,11.7100,24400,101.35,139953,-22040,5290305,8.05,758072,545765,10262920
12:15,12:13,NIFTY,07-Jul-2026,24502.80,11.7100,24450,58.05,188260,58726,9523940,15.35,796142,720525,11037669
12:15,12:13,NIFTY,07-Jul-2026,24502.80,11.7100,24500,26.55,508314,304067,16211867,33.35,875378,823256,9961072
12:15,12:13,NIFTY,07-Jul-2026,24502.80,11.7100,24550,9.55,468124,382131,10942079,66.9,230699,224260,2884836
12:15,12:13,NIFTY,07-Jul-2026,24502.80,11.7100,24600,3.4,484405,322396,6968260,111,149323,137214,1627189
12:15,12:13,NIFTY,07-Jul-2026,24502.80,11.7100,24650,1.55,221931,104906,3881744,158.5,24431,22838,290243
12:15,12:13,NIFTY,07-Jul-2026,24502.80,11.7100,24700,1.05,217462,66834,3138427,208.1,26229,23694,208131
12:15,12:13,NIFTY,07-Jul-2026,24502.80,11.7100,24750,0.8,101249,46195,1137144,257.3,3993,3321,32390
12:15,12:13,NIFTY,07-Jul-2026,24502.80,11.7100,24800,0.65,146481,52429,1301048,307.5,7099,5426,34109
12:15,12:13,NIFTY,07-Jul-2026,24502.80,11.7100,24850,0.6,52094,16393,473891,357.15,915,575,3223
12:15,12:13,NIFTY,07-Jul-2026,24502.80,11.7100,24900,0.6,83705,34307,842474,408.2,1356,899,6178
12:15,12:13,NIFTY,07-Jul-2026,24502.80,11.7100,24950,0.5,52443,28666,503538,454,443,319,867
12:15,12:13,NIFTY,07-Jul-2026,24502.80,11.7100,25000,0.5,207520,77709,1263270,505.05,3429,-706,6657
12:20,12:18,NIFTY,07-Jul-2026,24488.90,11.7200,24000,482.15,52589,-3696,26505,1,339530,89998,1855433
12:20,12:18,NIFTY,07-Jul-2026,24488.90,11.7200,24050,432.85,11770,-1475,6302,1.15,114641,28888,930675
12:20,12:18,NIFTY,07-Jul-2026,24488.90,11.7200,24100,384.55,15450,-3773,30874,1.25,249119,86790,1864178
12:20,12:18,NIFTY,07-Jul-2026,24488.90,11.7200,24150,335.3,7955,-1174,26936,1.45,152007,55602,1430537
12:20,12:18,NIFTY,07-Jul-2026,24488.90,11.7200,24200,283.1,21112,-6494,160637,1.65,243705,91857,2470634
12:20,12:18,NIFTY,07-Jul-2026,24488.90,11.7200,24250,233.8,8718,-820,178950,2.15,186834,93112,2348725
12:20,12:18,NIFTY,07-Jul-2026,24488.90,11.7200,24300,184.6,41086,-4861,1022531,3.15,356289,143587,4278010
12:20,12:18,NIFTY,07-Jul-2026,24488.90,11.7200,24350,137.05,32966,-18413,1426730,5.05,327613,163395,5224905
12:20,12:18,NIFTY,07-Jul-2026,24488.90,11.7200,24400,91.45,142771,-19222,5405859,9.5,759600,547293,10689608
12:20,12:18,NIFTY,07-Jul-2026,24488.90,11.7200,24450,50.35,205835,76301,9753450,18.6,760095,684478,11701676
12:20,12:18,NIFTY,07-Jul-2026,24488.90,11.7200,24500,21.2,576140,371893,16875338,39.65,783003,730881,10789125
12:20,12:18,NIFTY,07-Jul-2026,24488.90,11.7200,24550,7.45,492121,406128,11496429,76,199979,193540,3141159
12:20,12:18,NIFTY,07-Jul-2026,24488.90,11.7200,24600,2.75,458451,296442,7304291,121.65,120404,108295,1749460
12:20,12:18,NIFTY,07-Jul-2026,24488.90,11.7200,24650,1.25,206403,89378,4012064,169.7,19945,18352,309386
12:20,12:18,NIFTY,07-Jul-2026,24488.90,11.7200,24700,0.95,222850,72222,3189380,219.2,19617,17082,222083
12:20,12:18,NIFTY,07-Jul-2026,24488.90,11.7200,24750,0.7,100970,45916,1155665,269.85,3272,2600,34722
12:20,12:18,NIFTY,07-Jul-2026,24488.90,11.7200,24800,0.7,149767,55715,1319440,319,5336,3663,37398
12:20,12:18,NIFTY,07-Jul-2026,24488.90,11.7200,24850,0.55,53337,17636,481119,370.75,915,575,3333
12:20,12:18,NIFTY,07-Jul-2026,24488.90,11.7200,24900,0.5,83797,34399,867219,418,1339,882,6331
12:20,12:18,NIFTY,07-Jul-2026,24488.90,11.7200,24950,0.5,53022,29245,510939,472.05,442,318,907
12:20,12:18,NIFTY,07-Jul-2026,24488.90,11.7200,25000,0.5,209287,79476,1311494,520.35,3233,-902,7131
12:25,12:23,NIFTY,07-Jul-2026,24492.55,11.7300,24000,488.8,52551,-3734,26783,0.9,324054,74522,1906909
12:25,12:23,NIFTY,07-Jul-2026,24492.55,11.7300,24050,440.05,11775,-1470,6332,1,113873,28120,948574
12:25,12:23,NIFTY,07-Jul-2026,24492.55,11.7300,24100,387.65,15452,-3771,31127,1.1,251342,89013,1923781
12:25,12:23,NIFTY,07-Jul-2026,24492.55,11.7300,24150,339.05,7992,-1137,27211,1.3,152857,56452,1465023
12:25,12:23,NIFTY,07-Jul-2026,24492.55,11.7300,24200,289.95,21146,-6460,162703,1.5,236781,84933,2565114
12:25,12:23,NIFTY,07-Jul-2026,24492.55,11.7300,24250,239.25,9145,-393,181875,1.85,190696,96974,2419102
12:25,12:23,NIFTY,07-Jul-2026,24492.55,11.7300,24300,190.6,43127,-2820,1034705,2.55,361977,149275,4391026
12:25,12:23,NIFTY,07-Jul-2026,24492.55,11.7300,24350,141.75,34467,-16912,1447735,4.05,327439,163221,5393837
12:25,12:23,NIFTY,07-Jul-2026,24492.55,11.7300,24400,95.05,149385,-12608,5485475,7.7,771441,559134,11065835
12:25,12:23,NIFTY,07-Jul-2026,24492.55,11.7300,24450,53,220698,91164,9934432,15.9,766095,690478,12237184
12:25,12:23,NIFTY,07-Jul-2026,24492.55,11.7300,24500,23.05,636996,432749,17366935,36.1,750446,698324,11301212
12:25,12:23,NIFTY,07-Jul-2026,24492.55,11.7300,24550,8.2,494285,408292,11873741,71.05,188440,182001,3275010
12:25,12:23,NIFTY,07-Jul-2026,24492.55,11.7300,24600,3,449851,287842,7525698,116.1,120034,107925,1823768
12:25,12:23,NIFTY,07-Jul-2026,24492.55,11.7300,24650,1.4,201937,84912,4108526,163.8,19249,17656,320574
12:25,12:23,NIFTY,07-Jul-2026,24492.55,11.7300,24700,0.85,224128,73500,3251595,213.4,18609,16074,227890
12:25,12:23,NIFTY,07-Jul-2026,24492.55,11.7300,24750,0.7,102327,47273,1179148,263.55,3159,2487,35666
12:25,12:23,NIFTY,07-Jul-2026,24492.55,11.7300,24800,0.6,158597,64545,1347449,313.4,5013,3340,38197
12:25,12:23,NIFTY,07-Jul-2026,24492.55,11.7300,24850,0.55,55383,19682,489054,363.8,888,548,3469
12:25,12:23,NIFTY,07-Jul-2026,24492.55,11.7300,24900,0.5,85263,35865,894236,412.25,1345,888,6425
12:25,12:23,NIFTY,07-Jul-2026,24492.55,11.7300,24950,0.5,53583,29806,522654,467.65,452,328,926
12:25,12:23,NIFTY,07-Jul-2026,24492.55,11.7300,25000,0.45,211583,81772,1333010,515.3,3177,-958,7302
16:57,15:30,NIFTY,07-Jul-2026,24398.70,11.6500,23900,498.85,17615,-3825,9778,0.05,129562,-65825,2325246
16:57,15:30,NIFTY,07-Jul-2026,24398.70,11.6500,23950,449.15,2554,-1690,5539,0.05,74546,3202,1907142
16:57,15:30,NIFTY,07-Jul-2026,24398.70,11.6500,24000,398.55,47136,-9149,55399,0.05,195250,-54282,3195593
16:57,15:30,NIFTY,07-Jul-2026,24398.70,11.6500,24050,348.6,10858,-2387,12736,0.05,53315,-32438,1512346
16:57,15:30,NIFTY,07-Jul-2026,24398.70,11.6500,24100,298.6,11785,-7438,58264,0.05,103248,-59081,3497195
16:57,15:30,NIFTY,07-Jul-2026,24398.70,11.6500,24150,248.75,4806,-4323,54869,0.05,69237,-27168,2577575
16:57,15:30,NIFTY,07-Jul-2026,24398.70,11.6500,24200,198.05,13322,-14284,302917,0.1,136631,-15217,5123471
16:57,15:30,NIFTY,07-Jul-2026,24398.70,11.6500,24250,148.15,4605,-4933,359943,0.05,96631,2909,5952978
16:57,15:30,NIFTY,07-Jul-2026,24398.70,11.6500,24300,98.4,25785,-20162,2083297,0.05,162766,-49936,9955897
16:57,15:30,NIFTY,07-Jul-2026,24398.70,11.6500,24350,48.55,78435,27056,4357509,0.05,255289,91071,17691154
16:57,15:30,NIFTY,07-Jul-2026,24398.70,11.6500,24400,0.05,506078,344085,26354923,1.25,591385,379078,55121691
16:57,15:30,NIFTY,07-Jul-2026,24398.70,11.6500,24450,0.05,409378,279844,39029670,51.3,170297,94680,43298124
16:57,15:30,NIFTY,07-Jul-2026,24398.70,11.6500,24500,0.05,406989,202742,43125160,101.05,115289,63167,22874357
16:57,15:30,NIFTY,07-Jul-2026,24398.70,11.6500,24550,0.05,149956,63963,22248467,150.75,46325,39886,5767257
16:57,15:30,NIFTY,07-Jul-2026,24398.70,11.6500,24600,0.05,220169,58160,11829594,201,14134,2025,3057223
16:57,15:30,NIFTY,07-Jul-2026,24398.70,11.6500,24650,0.05,106238,-10787,5792627,251.7,3147,1554,529415
16:57,15:30,NIFTY,07-Jul-2026,24398.70,11.6500,24700,0.05,146164,-4464,4772103,301.5,3079,544,353668
16:57,15:30,NIFTY,07-Jul-2026,24398.70,11.6500,24750,0.05,64963,9909,1903944,351.45,1067,395,57578
16:57,15:30,NIFTY,07-Jul-2026,24398.70,11.6500,24800,0.05,103948,9896,2242536,401.55,1380,-293,57460
16:57,15:30,NIFTY,07-Jul-2026,24398.70,11.6500,24850,0.05,45839,10138,859672,451,722,382,6322
16:57,15:30,NIFTY,07-Jul-2026,24398.70,11.6500,24900,0.05,78026,28628,1589682,501.95,769,312,11415
